province,year,cpi,disposable_income_rural_per_cap,disposable_income_urban_per_cap,gdp_province,num_foreign_funded_enterprise,num_priv_enterprise,num_state_owned_enterprise,patent_apps,population_province,registered_unemployed,student_enrollment,foreign_total_investment,r.d_expenditure,r.d_projects,r.d_workers,sales_value_industry,export_industry,tech_market_value
Beijing,2020,101.7,30126,75602,38503.6,32545,1030,650,13078,2189,29,60.89,646907,2974157,8290,46172,NA,NA,6316.16
Beijing,2019,102.3,28928,73849,37767,32201,1047,656,11543,2190,7.4,60.15,599561,2851859,7671,44241,NA,NA,5695.28
Beijing,2018,102.5,26490,67990,35161.4,32306,1022,629,10386,2192,7.9,59.49,547718,2740103,7039,46929,NA,NA,4957.82
Beijing,2017,101.9,24240,62406,31325.9,31442,1004,664,10119,2194,8.1,59.29,486409,2690851,7904,52719,18269.5,1004,4486.89
Beijing,2016,101.4,22310,57275,28438.7,30401,1047,697,9392,2195,8,59.92,427371,2548433,7262,51143,17837.5,956.8,3940.98
Beijing,2015,101.8,20569,52859,26034.1,29396,1093,745,10281,2188,7.8,60.36,380963,2440875,7554,50773,17279.27,1078.39,3453.89
Beijing,2014,101.6,18867,48532,23577.5,28041,1143,765,9835,2171,7.4,60.46,201027,2335010,9010,57761,18228.21,1426.88,3137.19
Beijing,2013,103.3,17101,44564,21746,27061,1079,775,9240,2125,7.5,59.89,177105,2130618,10037,58036,17186.6,1506.72,2851.72
Beijing,2012,103.3,15365,40306,19568.3,26535,1043,790,10318,2078,8.1,59.12,149355,1973442,8226,53510,15446.65,1516.52,2458.5
Beijing,2011,105.6,13742,36365,17653.3,25672,1046,781,6997,2024,8.1,58.79,134364,1648538,7048,49829,14357.44,1535.96,1890.28
Beijing,2010,102.4,12368,32132,15420.2,24853,2465,1009,NA,1962,7.7,58.71,119206,NA,NA,NA,13526.57,1641.68,1579.54
Beijing,2009,98.5,10942,29329,13335.7,23293,2354,1058,3573,1860,8.2,58.67,106600,1137030,7494,41546,10904.37,1520.91,1236.25
Beijing,2008,105.1,10052,26918,12167.6,22485,2354,1116,4256,1771,10.3,58.56,98295,1010862,10320,43209,10304.16,1788.34,1027.22
Beijing,2007,102.4,8948,23752,10730.4,13237,1958,1104,NA,1676,10.6,57.82,87621,NA,NA,NA,9509.17,1869.97,882.56
Beijing,2006,100.9,7888,21415,8618.9,12064,1666,1469,NA,1601,10.4,56.58,69700,NA,NA,NA,8142.83,1531.4,697.33
Beijing,2005,101.5,7041,18775,7327.4,10980,1504,1745,NA,1538,10.6,54.83,60670,NA,NA,NA,6799.85,1136.09,489.59
Beijing,2004,101,5948,16502,6424.1,9890,1706,2144,931,1493,6.5,49.95,53162,602546,3409,29998,5616.08,695.6,425
Beijing,2003,100.2,5429,14535,5400.1,9185,556,1362,NA,1456,7,45.45,46328,NA,NA,NA,3728.97,408.41,265.36
Beijing,2002,98.2,5259,12949,4634.9,9172,513,1866,NA,1423,6,39.57,45495,NA,NA,NA,3150.19,323.1,221.17
Beijing,2001,103.1,4921,11939,3935.4,8818,344,2173,NA,1385,5,33.65,42925,NA,NA,NA,2855.49,298.25,191.01
Beijing,2000,103.5,4533,10590,3328,8495,184,2430,NA,1364,3.3,28.03,40246,NA,NA,NA,2461.42,251.65,140.29
Tianjin,2020,102,25691,47659,14230.8,15151,2780,459,6060,1387,27,57.22,306423,2287717,12001,45227,NA,NA,1089.56
Tianjin,2019,102.7,24804,46119,14097.2,15290,2366,476,4676,1385,26.1,53.94,310544,2134320,10825,45685,NA,NA,909.25
Tianjin,2018,102,23065,42976,13411.1,15089,1837,466,4939,1383,25.8,52.33,290620,2528761,11440,53280,NA,NA,685.59
Tianjin,2017,102.1,21754,40278,12468.2,13938,1826,482,5463,1410,26,51.47,254823,2411418,13456,57881,NA,NA,551.44
Tianjin,2016,102.1,20076,37110,11487,13339,2458,530,7300,1443,25.8,51.38,222594,3499551,12019,78336,26654.45,2473.24,552.64
Tianjin,2015,101.7,18482,34101,10889.2,12278,2574,562,6507,1439,25.1,51.29,181328,3526665,11393,84291,27460.49,2665.89,503.44
Tianjin,2014,101.9,17014,31506,10749.2,11507,2500,553,6996,1429,22.5,50.58,144146,3228057,15055,79014,27391.31,2850.77,388.56
Tianjin,2013,103.1,15353,28980,10075.2,11413,2436,565,6446,1410,21.7,48.99,127423,3000377,12904,68175,26012.36,2743.5,276.16
Tianjin,2012,102.7,13593,26586,9193,11491,2246,575,5195,1378,20.4,47.31,118913,2558685,12062,60681,23166.7,2729.5,232.33
Tianjin,2011,104.9,11941,24158,8240.8,11850,2006,557,4410,1341,20.1,44.97,114806,2107772,10515,47828,20708.75,2349.94,169.38
Tianjin,2010,103.5,9764,21800,6991.6,12918,3676,801,NA,1299,16.1,42.92,109624,NA,NA,NA,16571.45,2161.99,119.34
Tianjin,2009,99,8441,19371,5828.6,12288,3756,974,2782,1228,15,40.6,97700,1238392,7609,30074,12845.13,1774.88,105.46
Tianjin,2008,105.4,7705,17726,5278.3,14536,3532,884,2754,1176,13,38.64,93814,1082657,6626,28340,12302.63,2458.67,86.61
Tianjin,2007,104.2,6845,15062,4229.8,11429,2098,1310,NA,1115,15,37.11,82888,NA,NA,NA,10038.99,2563.01,72.34
Tianjin,2006,101.5,6096,13266,3592.5,10753,2042,1225,NA,1075,11.7,35.74,68600,NA,NA,NA,8461.42,2043.74,58.86
Tianjin,2005,101.5,5475,11839,3203.6,10933,1765,1497,NA,1043,11.7,33.16,56770,NA,NA,NA,6816.56,1759.22,50.71
Tianjin,2004,102.3,4938,10831,2663.3,9938,1796,1884,2613,1024,11.8,28.57,47045,284454,1565,12124,5794.13,1460.62,45.03
Tianjin,2003,101,4502,9823,2288.7,9792,753,1625,NA,1011,12,24.52,41555,NA,NA,NA,4004.37,983.91,42
Tianjin,2002,99.6,4229,8968,1952.3,9020,594,1636,NA,1007,12.9,19.69,36529,NA,NA,NA,3292.65,826.41,36.33
Tianjin,2001,101.2,3911,8672,1778.3,9473,574,1810,NA,1004,11.4,15.4,34154,NA,NA,NA,2882.29,602.82,30.6
Tianjin,2000,99.6,3598,7946,1608.4,9942,446,1843,NA,1001,10.5,11.91,33086,NA,NA,NA,2564.36,566.93,26.26
Hebei Province,2020,102.1,16467,37286,36821.5,10088,11184,899,7543,7464,38.5,160.48,225402,4854544,17423,86337,NA,NA,554.96
Hebei Province,2019,103,15373,35738,35623.5,9700,10074,788,8431,7447,36,147.4,158991,4385826,13340,76096,NA,NA,381.19
Hebei Province,2018,102.4,14031,32977,32947,8255,11768,700,6067,7426,38,134.26,108665,3819916,9921,68956,NA,NA,275.98
Hebei Province,2017,101.7,12881,30548,31065.5,7956,11647,699,4798,7409,39.9,126.89,95818,3509684,11295,79135,NA,NA,88.92
Hebei Province,2016,101.5,11919,28249,28879.7,7286,9626,714,4120,7375,39.7,121.61,84821,3086608,9533,82971,46906.78,1537.93,59
Hebei Province,2015,100.9,11051,26152,26744.1,6867,9893,818,3393,7345,39.4,117.92,73624,2858051,8358,79452,45407.38,1548.57,39.54
Hebei Province,2014,101.7,10186,24141,25644.1,6811,9600,794,3519,7323,38.3,116.43,62135,2606711,8714,75142,46685.47,1707.67,29.22
Hebei Province,2013,103,9188,22227,24659.1,6832,9023,764,3054,7288,37.2,117.44,54542,2327418,7618,65049,45232.82,1523.47,31.56
Hebei Province,2012,102.6,8158,20222,23437.3,7426,7949,708,2631,7262,36.8,116.88,48960,1980850,7574,55979,42097.83,1511.98,37.82
Hebei Province,2011,105.7,7187,18006,21711.7,8817,7302,690,1756,7232,36,114.93,45700,1586189,6055,51498,38934.99,1339.74,26.25
Hebei Province,2010,103.1,6014,16009,18254.1,9531,8959,765,NA,7194,35.1,110.51,40348,NA,NA,NA,30437.94,1154.22,19.29
Hebei Province,2009,99.3,5194,14505,15540.3,9559,8162,794,1009,7034,34.5,106.05,37000,933016,4445,36418,23434.08,774.02,17.21
Hebei Province,2008,106.2,4833,13263,14403.8,10536,7555,810,603,6989,32.2,100,33841,766113,3813,27259,22408.1,1135.17,16.59
Hebei Province,2007,104.7,4324,11550,12317.6,3696,6067,832,NA,6943,29.3,93.05,29113,NA,NA,NA,16923.59,899.18,16.43
Hebei Province,2006,101.7,3826,10194,10178.1,3819,5567,1120,NA,6898,28.7,86.26,24700,NA,NA,NA,13248.76,638.57,15.61
Hebei Province,2005,101.8,3501,9020,8886.2,3637,4724,1233,NA,6851,27.8,77.4,21930,NA,NA,NA,10782.11,522.1,10.38
Hebei Province,2004,104.3,3187,7886,7683,3497,4025,1498,398,6809,28,69.74,20057,260405,1744,19451,8550.99,474.64,7.27
Hebei Province,2003,102.2,2865,7188,6406.6,3454,2877,1675,NA,6769,25.7,57.55,17519,NA,NA,NA,5624.13,318.24,6.8
Hebei Province,2002,99,2695,6641,5574.9,3396,2155,2061,NA,6735,22.2,47.3,15477,NA,NA,NA,4229.36,258.99,6.04
Hebei Province,2001,100.5,2611,5957,5107.8,3621,1640,2512,NA,6699,19.5,35.05,14784,NA,NA,NA,3693.27,208.37,4.68
Hebei Province,2000,99.7,2484,5642,4663.7,3812,1093,2707,NA,6674,17.4,25.26,14010,NA,NA,NA,3345.23,202.19,9.41
Shanxi Province,2020,102.9,13878,34793,18202.7,3617,3538,1169,3059,3490,27.7,84.2,92559,1561790,5150,32547,NA,NA,44.98
Shanxi Province,2019,102.7,12902,33262,17311,3520,2838,1104,2543,3497,21.3,80.2,70136,1380813,3826,27478,NA,NA,109.52
Shanxi Province,2018,101.8,11750,31035,16153.1,3381,2224,878,2416,3502,24.6,76.56,63011,1312531,3243,27228,NA,NA,150.76
Shanxi Province,2017,101.1,10788,29132,14679.1,3437,2213,861,1632,3510,26.5,76.3,49724,1122323,3454,31757,NA,NA,94.15
Shanxi Province,2016,101.1,10082,27352,12160.1,3699,2015,802,1410,3514,26.1,75.63,42163,976283,2471,29450,12757.28,921.76,42.56
Shanxi Province,2015,100.6,9454,25828,12036.1,3606,2258,788,1303,3519,25.6,74.02,41107,1008950,2232,28927,12566.97,650.98,51.2
Shanxi Province,2014,101.7,8809,24069,12307,3531,2345,757,1777,3528,24.5,71.32,39119,1247027,2726,35775,15213.51,684.68,48.46
Shanxi Province,2013,103.1,7949,22258,12171.8,3535,2332,764,1807,3535,21.1,67.68,34182,1237698,2885,34024,16585.8,620.59,52.77
Shanxi Province,2012,102.5,7064,20232,11819.7,3623,2159,738,1390,3548,21,63.73,31963,1069590,2795,31542,16594.75,487.8,30.61
Shanxi Province,2011,105.2,6225,17965,11005.1,3849,1750,645,1104,3562,21.1,59.45,31899,895891,2348,32476,15470.89,282.53,22.48
Shanxi Province,2010,103,5263,15510,9004.5,3665,1802,664,NA,3574,20.4,56.29,22929,NA,NA,NA,12006.55,281.81,18.49
Shanxi Province,2009,99.6,4677,13883,7231.2,3535,1552,647,694,3427,21.6,54.74,20500,603934,2044,32703,9016.77,198.54,16.21
Shanxi Province,2008,107.2,4480,13021,7295.8,2168,1593,650,401,3411,17.5,52.68,18000,488855,1473,31412,9790.22,412.23,12.84
Shanxi Province,2007,104.6,3975,11487,5991.9,779,1505,641,NA,3393,16.1,48.45,17787,NA,NA,NA,7629.04,419.31,8.27
Shanxi Province,2006,102,3420,9967,4758.7,905,1310,1033,NA,3375,15.6,44.64,11100,NA,NA,NA,5764.7,279.49,5.92
Shanxi Province,2005,102.3,3082,8866,4118,776,1166,1173,NA,3355,14.3,40.7,7710,NA,NA,NA,4698.93,230.92,4.8
Shanxi Province,2004,104.1,2738,7866,3533.1,705,1264,1556,107,3335,13.7,34.53,6913,165503,782,9384,3689.67,234.36,6
Shanxi Province,2003,101.8,2410,6977,2884,760,862,1354,NA,3314,13.1,27.3,6119,NA,NA,NA,2384.44,131.97,3.23
Shanxi Province,2002,98.4,2236,6214,2348.2,773,680,1513,NA,3294,14.5,20.84,5769,NA,NA,NA,1673.02,116.13,3.9
Shanxi Province,2001,99.8,2018,5377,2049,827,450,1695,NA,3272,12.2,16.5,4935,NA,NA,NA,1355.63,98.91,1.47
Shanxi Province,2000,103.9,1950,4715,1861.9,959,326,1791,NA,3247,9.7,12.5,4827,NA,NA,NA,1178.89,78.3,0.53
Inner Mongolia Autonomous Region,2020,101.9,16567,41353,17623.4,3329,1287,747,2331,2403,30,48.66,56084,1293714,3079,18393,NA,NA,35.95
Inner Mongolia Autonomous Region,2019,102.4,15283,40782,17479.4,3504,1179,707,2050,2415,28.1,47.2,58421,1183625,2283,15001,NA,NA,22.48
Inner Mongolia Autonomous Region,2018,101.8,13803,38305,16252.9,3511,1022,606,1440,2422,27,45.53,44853,1033594,2318,15777,NA,NA,19.84
Inner Mongolia Autonomous Region,2017,101.7,12584,35670,15009.9,3453,995,613,1733,2433,27.1,44.81,45979,1082640,2353,23243,NA,NA,19.61
Inner Mongolia Autonomous Region,2016,101.2,11609,32975,13879,3362,1740,674,1321,2436,26.7,43.67,41080,1279853,2260,30126,19884.38,154.83,12.05
Inner Mongolia Autonomous Region,2015,101.1,10776,30594,13062.7,2967,1812,669,1031,2440,25.9,42.08,35142,1186261,1801,29190,18702.2,162.96,15.39
Inner Mongolia Autonomous Region,2014,101.6,9976,28350,12377.3,3036,1853,661,974,2449,24.8,40.64,26449,1080287,2265,27068,19516.65,188.97,13.94
Inner Mongolia Autonomous Region,2013,103.2,8985,26004,11584.9,2925,1865,629,981,2455,23.8,39.92,22911,1004406,2133,26990,20108.84,194.28,38.74
Inner Mongolia Autonomous Region,2012,103.1,7956,23611,10638.9,3114,1696,608,770,2464,23.1,39.14,25802,858477,1857,21509,18038.06,249.49,106.1
Inner Mongolia Autonomous Region,2011,105.6,6942,20813,9610.8,3601,1839,557,564,2470,21.8,38.44,25519,701635,1320,17645,17458.77,243.47,22.67
Inner Mongolia Autonomous Region,2010,103.2,5780,18050,8342.1,3693,2227,517,NA,2472,20.8,37.14,23243,NA,NA,NA,13095.32,252.05,27.15
Inner Mongolia Autonomous Region,2009,99.7,5143,16140,7227,3675,2152,515,495,2458,20.1,35.19,24000,390612,898,12307,10387.17,118.09,14.77
Inner Mongolia Autonomous Region,2008,105.7,4834,14676,6352.4,2326,1857,481,346,2444,19.9,31.67,22155,291985,688,11752,8351.82,227.62,9.44
Inner Mongolia Autonomous Region,2007,104.6,4089,12566,5239.6,1071,1562,435,NA,2429,18.5,28.41,17148,NA,NA,NA,5697.22,185.26,10.98
Inner Mongolia Autonomous Region,2006,101.5,3444,10499,4212.3,1030,1402,489,NA,2415,18,25.29,14800,NA,NA,NA,4050.65,182.79,10.71
Inner Mongolia Autonomous Region,2005,102.4,3070,9247,3562.7,914,984,489,NA,2403,17.7,23.09,12640,NA,NA,NA,2924.4,137.96,10.99
Inner Mongolia Autonomous Region,2004,102.9,2667,8208,2976.2,847,877,509,69,2393,18.5,19.87,10811,49782,232,5579,2071.36,107.11,10.41
Inner Mongolia Autonomous Region,2003,102.2,2312,7076,2415.1,923,423,591,NA,2386,17.6,15.76,3836,NA,NA,NA,1336.09,74.28,10.85
Inner Mongolia Autonomous Region,2002,100.2,2120,6096,1959.7,805,278,683,NA,2384,16.3,12.07,2423,NA,NA,NA,976.8,51.08,5.82
Inner Mongolia Autonomous Region,2001,100.6,1999,5568,1729.5,778,245,681,NA,2381,14.5,9.96,2217,NA,NA,NA,813.11,39.9,6.24
Inner Mongolia Autonomous Region,2000,101.3,2058,5152,1551.3,874,185,757,NA,2372,12.6,7.19,2536,NA,NA,NA,737.39,38.46,6.03
Liaoning Province,2020,102.4,17450,40376,25839,16257,4647,731,6252,4255,50.7,114.08,415731,3353222,12544,59978,NA,NA,632.81
Liaoning Province,2019,102.4,16108,39777,25665.9,15996,3942,681,4995,4277,45.6,104.11,402830,3102482,10370,52104,NA,NA,557.59
Liaoning Province,2018,102.5,14656,37342,24113.5,17028,3139,614,5425,4291,44.4,96.32,377494,3006014,9225,53133,NA,NA,474.49
Liaoning Province,2017,101.4,13747,34993,22105.4,16883,3131,637,4994,4312,42.7,98.1,315850,2749477,8533,49463,NA,NA,385.83
Liaoning Province,2016,101.6,12881,32876,20832,16949,4366,589,4382,4327,47.3,99.87,213278,2420637,6399,49254,21035.9,2102.26,323.22
Liaoning Province,2015,101.4,12057,31126,20657.8,17745,7660,606,4131,4338,46.2,100.57,206639,2418803,5422,49097,32926.82,2340.75,267.49
Liaoning Province,2014,101.7,11191,29082,20381.5,17091,10319,624,5165,4358,41,99.83,198641,3242303,8608,63374,48764.29,3113.2,217.46
Liaoning Province,2013,102.4,10161,26697,19534.3,17250,11512,653,5226,4365,39.6,96.8,183207,3331303,7813,59090,51734.67,3372.01,173.38
Liaoning Province,2012,102.8,9061,24238,18127.6,17960,11653,635,4113,4375,38.1,93.41,185564,2894569,7710,52064,47945.5,3100.56,230.66
Liaoning Province,2011,105.2,8011,21362,16585.3,18164,11172,630,2994,4379,39.4,90.22,165969,2747063,6799,47513,41100.74,2855.99,159.66
Liaoning Province,2010,103,6671,18487,14105.8,18377,15898,852,NA,4375,38.9,88.02,147615,NA,NA,NA,35441.68,2921.89,130.68
Liaoning Province,2009,100,5770,16396,13003.2,19893,15157,883,2649,4341,41.6,85.25,131800,1654323,7472,48112,27543.97,2387.98,119.71
Liaoning Province,2008,104.6,5415,14924,12303,22321,13637,1046,1383,4315,41.7,82.04,124756,1378167,5931,45568,24105.81,2844.92,99.73
Liaoning Province,2007,105.1,4648,12710,10422.8,14739,9352,839,NA,4298,44.5,77.78,108767,NA,NA,NA,17895.25,2409.93,92.93
Liaoning Province,2006,101.2,3995,10677,8489.3,16405,7713,1254,NA,4271,54.1,72.05,94500,NA,NA,NA,13929.05,1990.51,80.65
Liaoning Province,2005,101.4,3614,9346,7342.2,16542,5118,1397,NA,4221,60.4,65.94,81500,NA,NA,NA,10649.01,1611.22,86.52
Liaoning Province,2004,103.5,3247,8190,6547.7,14858,3863,2139,398,4217,70.1,58.35,67915,759634,2565,32436,8442.65,1282.96,75.28
Liaoning Province,2003,101.7,2889,7381,5973.6,13814,2044,1334,NA,4210,72,51.42,73501,NA,NA,NA,5996.13,963.94,62.02
Liaoning Province,2002,98.9,2716,6629,5507.8,13642,1301,1723,NA,4203,75.6,45.05,66408,NA,NA,NA,4802.07,766.42,50.83
Liaoning Province,2001,100,2532,5871,5074.9,13158,1000,2188,NA,4194,55.5,37.23,63797,NA,NA,NA,4360.69,628.55,40.87
Liaoning Province,2000,99.9,2338,5408,4703.7,13146,785,2454,NA,4184,41.2,30.79,65543,NA,NA,NA,4155.49,658.33,34.78
Jilin Province,2020,102.3,16067,33396,12499.5,4249,1835,338,2764,2399,20.6,72.7,70774,776448,2481,11806,NA,NA,462.15
Jilin Province,2019,103,14936,32299,11949.4,4118,1445,330,2386,2448,23.9,70.01,64297,684086,2049,11849,NA,NA,474.13
Jilin Province,2018,102.1,13748,30172,11437.4,4018,3094,356,1314,2484,26.8,65.83,49009,575015,1715,11124,NA,NA,341.95
Jilin Province,2017,101.6,12950,28319,11083,4044,3052,360,1231,2526,26.3,64.39,38874,749958,2439,21056,NA,NA,219.92
Jilin Province,2016,101.6,12123,26530,10603.5,3853,2997,370,1176,2567,25.7,64.23,35606,908602,2253,23469,23412.38,402.09,116.42
Jilin Province,2015,101.7,11326,24901,10162.9,4437,2809,375,787,2613,23.9,63.27,35230,861541,2014,23202,22529.2,395.52,26.47
Jilin Province,2014,102,10780,23218,10077,4370,2636,366,1045,2642,23.2,61.83,33328,789431,2264,24395,22963.51,412.44,28.58
Jilin Province,2013,102.9,9781,21331,9608.6,4350,2683,363,971,2668,22.6,59.95,31779,698136,6421,23709,21690.9,360.97,34.72
Jilin Province,2012,102.5,8741,19352,8831.3,4298,2689,357,898,2698,22.3,57.9,23890,604326,1990,24365,19627.62,330.8,25.12
Jilin Province,2011,105.2,7634,17043,7857.7,4327,2676,345,751,2725,22.2,56.28,23253,488723,1885,17884,16636.2,288.53,26.26
Jilin Province,2010,103.7,6341,14759,6505.9,4309,3652,406,NA,2747,22.7,54.44,22259,NA,NA,NA,12911,227.37,18.81
Jilin Province,2009,100.1,5346,13457,5515.3,4203,3454,407,560,2740,23.4,53.1,19300,329615,1597,14671,9707.39,178.26,19.76
Jilin Province,2008,105.1,5001,12367,4905.4,4158,2928,416,297,2734,24.3,50.41,17489,267007,1079,9470,8220,224.23,19.61
Jilin Province,2007,105.3,4244,10916,4134.7,1963,1977,391,NA,2730,23.9,47.02,31334,NA,NA,NA,6230.62,213.8,17.48
Jilin Province,2006,101.4,3682,9488,3271.5,2358,1425,466,NA,2723,26.3,43.51,30800,NA,NA,NA,4559.88,147,15.37
Jilin Province,2005,101.5,3296,8464,2810.1,2488,1034,583,NA,2716,27.6,40.73,20710,NA,NA,NA,3737.6,115.69,12.23
Jilin Province,2004,104.1,3025,7662,2487.7,2370,884,1258,103,2709,28.2,36.22,19351,124848,541,5074,3302.9,105.99,10.79
Jilin Province,2003,101.2,2549,6869,2169.7,2690,496,969,NA,2704,28.4,31.95,18265,NA,NA,NA,2598.89,63.77,8.73
Jilin Province,2002,99.5,2315,6159,2067.3,2541,411,1231,NA,2699,23.8,26.47,17912,NA,NA,NA,2126.52,52.08,8.29
Jilin Province,2001,101.3,2192,5273,1921.7,2753,328,1392,NA,2691,20.2,21.78,8098,NA,NA,NA,1819.15,49.92,8.85
Jilin Province,2000,98.6,2029,4765,1769.2,2747,212,1667,NA,2682,23,18.1,7661,NA,NA,NA,1647.87,55.13,7.14
Heilongjiang Province,2020,102.3,16168,31115,14000.1,6278,2301,514,2650,3171,31,82.56,168558,774634,3186,14272,NA,NA,265.2
Heilongjiang Province,2019,102.8,14982,30945,13962.5,5296,1746,492,2060,3255,34.7,77.82,46046,714862,2920,15054,NA,NA,232.88
Heilongjiang Province,2018,102,13804,29191,13205.7,5028,1671,478,1232,3327,39.4,73.21,42747,605680,2631,13110,NA,NA,165.92
Heilongjiang Province,2017,101.3,12665,27446,12659.5,4444,1660,482,1648,3399,39.7,73.42,33669,825854,3826,24046,NA,NA,146.71
Heilongjiang Province,2016,101.5,11832,25736,12280.9,4227,1759,447,1934,3463,39.6,73.59,28280,884925,3068,32219,11103.56,126.55,125.81
Heilongjiang Province,2015,101.1,11095,24203,12023.2,4149,1955,446,1752,3529,41,73.52,22302,880392,3080,31762,11523.87,155.99,127.26
Heilongjiang Province,2014,101.5,10453,22609,12357.1,5016,2080,457,1840,3608,39.9,73.06,23983,955820,4324,37509,13139.38,181.22,120.28
Heilongjiang Province,2013,102.2,9369,20848,12017,4924,2126,460,1683,3666,41.4,71.79,22794,950335,4307,37296,13415.89,154.62,101.77
Heilongjiang Province,2012,103.2,8367,18894,11171,5039,1758,458,1356,3724,41.3,70.45,22247,906170,4231,36256,12253.34,191.02,100.45
Heilongjiang Province,2011,105.8,7382,16699,10074,5426,1503,426,1099,3782,35,71,20941,838042,4343,39661,11191.76,196.02,62.07
Heilongjiang Province,2010,103.9,6040,14741,8434.7,5814,2366,517,NA,3833,36.2,71.91,19617,NA,NA,NA,9269.34,199.15,52.91
Heilongjiang Province,2009,100.2,5075,13305,7315.8,5957,2212,505,622,3826,31.4,70.89,18100,627240,3968,27658,7146.78,152.64,48.86
Heilongjiang Province,2008,105.6,4743,12205,7215.1,5901,2132,543,421,3825,32.1,67.81,16170,505877,3107,28283,7494.84,191.72,41.26
Heilongjiang Province,2007,105.2,4046,10744,6193.7,2464,1351,515,NA,3824,31.5,63.49,14489,NA,NA,NA,6060.62,157.95,35.02
Heilongjiang Province,2006,101.9,3486,9583,5386.1,2408,1120,661,NA,3823,31.2,59.2,13700,NA,NA,NA,5359.69,110.18,15.69
Heilongjiang Province,2005,101.2,3168,8592,4804.5,2288,984,693,NA,3820,31.3,54.09,10980,NA,NA,NA,4588.8,81.58,14.26
Heilongjiang Province,2004,103.8,2962,7722,4180.3,2202,824,1253,241,3817,32.9,46.57,9466,196428,2590,21775,3631.96,76.08,12.57
Heilongjiang Province,2003,100.9,2479,6870,3649.8,2243,612,970,NA,3815,35,39.22,8123,NA,NA,NA,2854.88,96.66,12.12
Heilongjiang Province,2002,99.3,2381,6246,3278.2,2067,465,1233,NA,3813,41.6,33.5,7468,NA,NA,NA,2435.28,87.14,12.01
Heilongjiang Province,2001,100.8,2262,5528,3074.1,2980,319,1328,NA,3811,35.5,27.14,7650,NA,NA,NA,2308.85,100.86,11.1
Heilongjiang Province,2000,98.3,2136,4981,2881.9,3318,217,1588,NA,3807,25.3,21.01,8344,NA,NA,NA,2414.71,116.82,15.24
Shanghai,2020,101.7,34911,76437,41603.9,92922,4508,632,17544,2488,19.7,54.07,1033395,6350087,14903,87957,NA,NA,1583.22
Shanghai,2019,102.5,33195,73615,40241.2,90757,4394,670,15239,2481,19.3,52.66,955229,5906504,13636,80694,NA,NA,1422.35
Shanghai,2018,101.6,30375,68034,37769.1,87300,3551,652,12541,2475,19.4,51.78,884911,5548768,12442,88016,NA,NA,1225.19
Shanghai,2017,101.7,27825,62596,34378.3,84007,3541,664,12329,2466,22.1,51.49,798239,5399953,12557,88967,NA,NA,810.62
Shanghai,2016,103.2,25520,57692,30963.9,79410,3534,680,11293,2467,24.3,51.47,734246,4900778,10909,98671,31056.8,7286.15,780.99
Shanghai,2015,102.4,23205,52962,27821.6,74885,3840,689,10740,2458,24.8,51.16,661273,4742443,11089,94981,31214.32,7595.16,663.78
Shanghai,2014,102.7,21192,48841,25964.5,68952,4008,707,12524,2467,25.6,50.66,530467,4492192,13821,93868,32457.78,7620.49,592.45
Shanghai,2013,102.3,19208,44878,23809.4,64412,3934,747,11377,2448,25.3,50.48,457933,4047800,13441,92136,31945.81,7829.31,531.68
Shanghai,2012,102.8,17452,41130,21774.9,61461,3712,776,9901,2399,26.7,50.66,413768,3715075,12833,82355,31559.6,8102.79,518.75
Shanghai,2011,105.2,15737,37079,20406.1,58993,3875,806,8176,2356,27,51.13,377353,3437627,12378,79147,32084.82,8524,480.75
Shanghai,2010,103.1,13702,32584,18319.6,55666,8065,1013,NA,2303,27.6,51.57,339385,NA,NA,NA,29838.11,8204.27,431.44
Shanghai,2009,99.6,12256,29461,16181.4,52278,8623,1116,6246,2210,27.9,51.28,308400,2365150,9667,67420,23847.88,6697.8,435.41
Shanghai,2008,105.8,11250,27204,14877.1,51532,8975,1189,2651,2141,26.6,50.29,293991,2005734,6998,43815,24800.47,8008.98,386.17
Shanghai,2007,103.2,9992,24048,13179.8,34218,6214,1164,NA,2064,26.7,48.49,257032,NA,NA,NA,21949.97,7312.68,354.89
Shanghai,2006,101.2,9015,21001,10825.4,31568,5579,1348,NA,1964,27.8,46.63,225500,NA,NA,NA,18392.6,5853.58,309.51
Shanghai,2005,101,8149,18912,9398.8,28978,5481,1461,NA,1890,27.5,44.26,200670,NA,NA,NA,15591.72,4972.12,231.73
Shanghai,2004,102.2,6993,16891,8309.4,26657,5623,1830,2034,1835,27.4,41.57,172188,927730,3007,21854,13782.17,4049.52,171.7
Shanghai,2003,100.1,6595,15026,6952.5,24133,2683,1606,NA,1766,30.1,37.85,150816,NA,NA,NA,10241.22,2641.2,142.78
Shanghai,2002,100.5,6178,13367,5908.1,20963,1860,1843,NA,1713,28.8,33.16,127964,NA,NA,NA,7661.62,1737.08,120.22
Shanghai,2001,100,5837,12976,5348.1,18160,1360,2067,NA,1668,25.7,28,112688,NA,NA,NA,6922.26,1417.13,106.16
Shanghai,2000,102.5,5572,11781,4880,15930,182,2473,NA,1609,20.1,22.68,98540,NA,NA,NA,6143.89,1319.58,73.9
Jiangsu Province,2020,102.5,24198,53102,104566.6,63031,37139,1291,62892,8477,36.7,201.47,1369729,23816885,103567,538781,NA,NA,2087.85
Jiangsu Province,2019,103.1,22675,51056,99836.9,62360,31331,1210,57429,8469,35.1,187.41,1173515,22061581,95240,508375,NA,NA,1471.52
Jiangsu Province,2018,102.3,20845,47200,93456.3,59308,28747,1065,55944,8446,34.4,180.63,1056042,20245195,72426,455530,NA,NA,991.45
Jiangsu Province,2017,101.7,19158,43622,86512.9,58577,28504,1071,45719,8423,34.7,176.79,965819,18338832,67205,455468,NA,NA,778.42
Jiangsu Province,2016,102.3,17606,40152,78261.2,55938,30122,1013,49229,8381,35.2,174.58,879868,16575418,59535,451885,155820.09,23299.5,635.64
Jiangsu Province,2015,101.7,16257,37173,71876,53551,30352,989,41744,8315,36,171.57,782154,15065065,51720,441304,147391.94,23214.06,572.92
Jiangsu Province,2014,102.2,14958,34346,66228.3,51634,30474,960,39858,8281,36.6,169.86,718131,13765378,53117,422865,141193.63,23311.45,543.16
Jiangsu Province,2013,102.3,13521,31585,60505.2,50514,30583,961,33090,8192,37.6,168.45,666376,12395745,48530,393942,132721.45,22846.91,527.5
Jiangsu Province,2012,102.6,12133,28808,54658.4,50461,28325,895,27820,8120,40.5,167.12,625000,10803107,44570,342262,118705.46,23137.75,400.91
Jiangsu Province,2011,105.3,10744,25570,49689.5,52959,27415,769,21649,8023,41.4,165.94,572851,8998944,31933,287447,106320.56,21289.91,333.43
Jiangsu Province,2010,103.8,9067,22273,42175.2,51666,43738,826,NA,7869,40.6,164.94,508106,NA,NA,NA,90804.96,18563.78,249.34
Jiangsu Province,2009,99.6,7962,19996,35074.6,50241,40744,839,11920,7810,40.7,165.34,444400,5707105,27454,222625,71970.22,14833.26,108.22
Jiangsu Province,2008,105.4,7322,18215,31445.7,49928,43827,921,6502,7762,41.1,157.26,415930,4808289,17944,155781,66537.7,15942.44,94.02
Jiangsu Province,2007,104.3,6533,16009,26373.8,38998,25332,785,NA,7723,39.3,147.23,382030,NA,NA,NA,52415.83,12706.74,78.42
Jiangsu Province,2006,101.6,5791,13799,21525.1,36463,21345,916,NA,7656,40.4,130.62,324300,NA,NA,NA,40802.21,10007.28,68.83
Jiangsu Province,2005,102.1,5258,12098,18345.9,33321,17752,958,NA,7588,41.6,115.98,265720,NA,NA,NA,32119.62,7880.65,100.83
Jiangsu Province,2004,104.1,4740,10319,14998.7,29939,23137,1172,1800,7523,42.9,99.48,216981,1530561,6322,69654,26079.55,6888.02,89.79
Jiangsu Province,2003,101,4229,9140,12588.2,26925,11540,1242,NA,7458,41.8,85.97,150014,NA,NA,NA,17650.95,3610.29,76.52
Jiangsu Province,2002,99.2,3972,8088,10723.9,22991,8401,1691,NA,7406,42.2,70.02,125484,NA,NA,NA,13531.57,2714.69,59.49
Jiangsu Province,2001,100.8,3778,7311,9554.3,19602,5787,2075,NA,7359,36.1,58.55,92001,NA,NA,NA,11402.97,2254.5,52.92
Jiangsu Province,2000,100.1,3591,6756,8635.1,18060,3726,2554,NA,7327,30.4,45.18,75004,NA,NA,NA,10154.81,2079.87,44.96
Zhejiang Province,2020,102.3,31930,62699,67164.5,44024,40038,843,35319,6468,42.1,114.87,589264,13958988,118007,480493,NA,NA,1403.32
Zhejiang Province,2019,102.9,29876,60182,64632,43121,36792,832,30914,6375,34.4,107.47,500693,12742260,98501,451752,NA,NA,888.01
Zhejiang Province,2018,102.3,27302,55574,59311.7,40191,28745,813,27998,6273,34.1,101.94,445788,11473921,77940,394147,NA,NA,590.66
Zhejiang Province,2017,102.1,24956,51261,53135.2,37422,28004,807,21817,6170,33.8,100.23,373415,10301447,69180,333646,NA,NA,324.73
Zhejiang Province,2016,101.9,22866,47237,48095.8,34442,27502,763,19280,6072,33.9,99.61,319870,9357877,59088,321845,66628.47,11540.13,198.37
Zhejiang Province,2015,101.4,21125,43714,44222,32778,28050,750,17242,5985,33.7,99.11,291813,8535689,51940,316672,64279.38,11440.24,98.1
Zhejiang Province,2014,102.1,19373,40393,40744.1,31005,27557,723,16824,5890,33.1,97.82,262881,7681473,45679,290339,64914.41,11927.07,87.25
Zhejiang Province,2013,102.3,17494,37080,38023.3,30674,26219,707,15036,5784,33.4,95.96,240408,6843562,42158,263507,61280.59,11223.22,81.5
Zhejiang Province,2012,102.2,15806,33846,34978.5,29595,23959,645,12844,5685,33.4,93.23,217810,5886071,35582,228618,57615.75,10967.93,81.31
Zhejiang Province,2011,105.4,14197,30340,32353.1,29288,22520,593,9335,5570,31.7,90.75,201919,4799069,28672,203904,55155.05,11027.77,71.9
Zhejiang Province,2010,103.8,12277,26802,27902.2,28769,46706,730,NA,5447,31.1,88.49,183233,NA,NA,NA,50196.32,10642.8,60.35
Zhejiang Province,2009,98.5,10798,24148,23227.5,28252,41969,728,8692,5276,30.7,86.65,164000,3301031,22986,150888,39969.91,8499.58,56.46
Zhejiang Province,2008,105,9927,22334,21607.9,28533,40320,736,6107,5212,30.7,83.22,158255,2757063,17177,126273,39717.51,9826.62,58.92
Zhejiang Province,2007,104.2,8805,20250,18914.7,22059,33381,694,NA,5155,28.6,77.8,145658,NA,NA,NA,35209.54,9178.39,45.35
Zhejiang Province,2006,101.1,7763,18007,15516.4,20956,28715,776,NA,5072,29.1,71.99,125700,NA,NA,NA,28489.9,7629.39,39.96
Zhejiang Province,2005,101.3,7003,16089,13212.6,19009,24244,811,NA,4991,29,65.13,101910,NA,NA,NA,22600.91,5995.26,38.7
Zhejiang Province,2004,103.9,6210,14387,11660.7,17792,24036,1110,2701,4925,30.1,57.28,83432,880654,5507,42507,18294.55,4715.62,58.15
Zhejiang Province,2003,101.9,5594,13055,9892.6,15140,13411,861,NA,4857,28.3,48.41,61226,NA,NA,NA,12559.79,3367.34,53.04
Zhejiang Province,2002,99.1,5096,11624,8144.1,12111,10301,963,NA,4776,27.7,39.31,43202,NA,NA,NA,9493.9,2458.37,38.94
Zhejiang Province,2001,99.8,4697,10399,7003.4,11194,7490,1122,NA,4729,24,29.31,34064,NA,NA,NA,7643.37,1915.42,31.67
Zhejiang Province,2000,101,4332,9236,6218.9,10002,4140,1418,NA,4680,21.8,19.24,29313,NA,NA,NA,6396.65,1536.56,27.63
Anhui Province,2020,102.7,16620,39442,38628.8,8281,12914,848,27083,6105,30,136.85,322704,6394211,29928,139988,NA,NA,659.57
Anhui Province,2019,102.7,15416,37540,37584.8,7903,11163,768,22975,6092,26.8,124.12,165643,5765371,25799,124491,NA,NA,449.61
Anhui Province,2018,102,13996,34393,34377.3,6611,13550,688,26175,6076,28.1,113.91,112984,4973027,16695,106744,NA,NA,321.31
Anhui Province,2017,101.2,12758,31640,30141.8,6135,13182,668,24394,6057,29,114.74,86641,4361175,20010,103598,NA,NA,249.57
Anhui Province,2016,101.8,11720,29156,26801.2,5549,14016,659,23322,6033,30.4,114.5,67256,3709224,15697,99451,42329.72,2321.04,217.37
Anhui Province,2015,101.3,10821,26936,24142.7,5063,13611,699,19967,6011,30.9,113.07,106486,3221422,14100,96791,38798.25,2177.81,190.47
Anhui Province,2014,101.6,9916,24839,22880.7,4721,12815,687,15701,5997,31.5,108.05,48026,2847303,14648,95287,36505.46,2159.12,169.83
Anhui Province,2013,102.4,8850,22789,20888.2,4466,11806,678,10866,5988,32.4,105.21,41612,2477246,14394,86000,32913.47,1629.19,130.83
Anhui Province,2012,102.3,7826,20729,18613.7,4466,9070,626,8147,5978,31.3,102.3,39962,2089814,11882,73356,28584.11,1387.52,86.16
Anhui Province,2011,105.6,6811,18345,16532.7,5427,7905,605,5385,5972,33.1,99.13,32884,1628304,8426,56275,25261.69,1270.36,65.03
Anhui Province,2010,103.1,5776,15566,13474.6,5633,11269,737,NA,5957,26.9,93.9,30324,NA,NA,NA,18277.48,818.5,46.15
Anhui Province,2009,99.1,4887,13903,11063.3,5579,9526,729,2407,6131,30.1,87.78,27900,907544,5233,37649,12929.06,573.02,35.62
Anhui Province,2008,106.2,4529,12836,9691.2,5523,7509,632,1354,6135,29.3,80.83,25465,691431,3243,32904,10875.85,705.63,32.49
Anhui Province,2007,105.3,3804,11350,8078,2637,4908,581,NA,6118,27.2,73.05,23755,NA,NA,NA,7763.58,612.54,26.45
Anhui Province,2006,101.2,3152,9677,6602.6,2436,3699,563,NA,6110,28.2,66.37,18300,NA,NA,NA,5811.99,462.82,18.49
Anhui Province,2005,101.4,2784,8399,5761.7,2165,2725,619,NA,6120,27.8,58.91,15480,NA,NA,NA,4486.83,319.71,14.26
Anhui Province,2004,104.5,2617,7456,5210.9,2114,2293,690,273,6228,26.1,50.13,12938,209564,1162,10300,3601.15,255.62,9.07
Anhui Province,2003,101.7,2211,6735,4375,2034,1630,747,NA,6163,25.1,41,11644,NA,NA,NA,2571.1,181.09,8.8
Anhui Province,2002,99,2187,6001,3882.3,1914,1157,900,NA,6144,22.6,33.01,9622,NA,NA,NA,2084.34,151.47,7.54
Anhui Province,2001,100.5,2073,5645,3547.7,2055,770,1013,NA,6128,19.9,25.22,9208,NA,NA,NA,1791,147.55,6.41
Anhui Province,2000,100.7,1972,5277,3162.3,2216,533,1128,NA,6093,16.5,19.18,9144,NA,NA,NA,1636.17,153.58,6.1
Fujian Province,2020,102.2,20880,47160,43682,31638,14704,535,12934,4161,35.7,94.72,315255,6669131,25504,140850,NA,NA,163.54
Fujian Province,2019,102.6,19568,45620,42479.1,31608,13296,503,11025,4137,16.8,86.12,297471,5985139,21689,126089,NA,NA,139.59
Fujian Province,2018,101.5,17821,42121,39204.8,30150,9087,532,9850,4104,17.3,77.24,278698,5249417,18716,120723,NA,NA,84.52
Fujian Province,2017,101.2,16335,39001,34432.2,28264,8991,529,8810,4065,17.1,75.1,260721,4487934,15944,105533,NA,NA,75.46
Fujian Province,2016,101.7,14999,36014,30199.2,28351,8886,499,8162,4016,16.3,75.64,226315,3882632,12849,102250,43309.15,6961.63,43.22
Fujian Province,2015,101.7,13793,33275,27307.5,25895,8729,485,6880,3984,15.4,75.85,196713,3469810,10929,99180,40216.04,6722.12,52.14
Fujian Province,2014,102,12650,30722,25329.4,24322,8491,473,6447,3945,14.3,74.85,173245,3153831,10949,110892,37373.1,6603.85,39.19
Fujian Province,2013,102.5,11405,28174,22851.7,23546,8183,457,5475,3885,14.7,73.05,156516,2791966,10426,100200,33003.96,6448.29,44.69
Fujian Province,2012,102.4,10164,25650,20510.8,23381,7727,446,4194,3841,14.5,70.14,145744,2381656,9080,90280,29059.02,5880.16,50.09
Fujian Province,2011,105.3,8952,22772,18195.2,23727,6870,430,3244,3784,14.6,67.48,136898,1943993,6441,75503,26757.69,5505.25,34.57
Fujian Province,2010,103.2,7573,19914,15236.6,23463,9985,520,NA,3693,14.5,64.78,124831,NA,NA,NA,21410.83,4699.23,35.66
Fujian Province,2009,98.2,6801,18023,12625.1,23609,9198,532,2251,3666,15.2,60.63,117500,1144347,5435,46433,16316.29,3743.6,23.26
Fujian Province,2008,104.6,6299,16649,11104.2,23809,8332,540,901,3639,15,56.26,112129,837778,3781,41784,14838.96,3940.27,17.97
Fujian Province,2007,105.2,5549,14478,9474.3,18655,6706,530,NA,3612,14.9,50.95,102706,NA,NA,NA,12231.53,3545.92,14.56
Fujian Province,2006,100.8,4900,12932,7586.2,18629,5638,673,NA,3585,15.1,46.13,87800,NA,NA,NA,9701.15,3002.41,11.32
Fujian Province,2005,102.2,4503,11667,6506.9,17854,4743,756,NA,3557,14.9,40.7,75330,NA,NA,NA,7918.8,2609,17.2
Fujian Province,2004,104,4132,10655,5792,17236,4296,900,299,3529,14.5,32.57,68877,360048,1634,18519,6589.04,2341.09,14.14
Fujian Province,2003,100.8,3767,9601,5067,16884,2540,888,NA,3502,14.6,25.74,66118,NA,NA,NA,4834.53,1649.47,16.68
Fujian Province,2002,99.5,3565,8883,4524.4,15563,1581,1112,NA,3476,15,19.73,59400,NA,NA,NA,3584.36,1228.29,12.9
Fujian Province,2001,98.7,3401,8092,4120.9,15403,1107,1308,NA,3445,13.2,16.74,51260,NA,NA,NA,2856.43,1001.44,13.69
Fujian Province,2000,102.1,3245,7285,3804.6,16013,722,1367,NA,3410,9.1,13.79,47084,NA,NA,NA,2536.33,904.46,17.26
Jiangxi Province,2020,102.6,16981,38556,25825.4,6813,11092,587,6949,4519,29.9,124.2,133086,3460219,23056,100473,NA,NA,233.41
Jiangxi Province,2019,102.9,15796,36546,24724,6791,8507,532,5768,4516,27.5,113.5,100985,3202151,18645,85032,NA,NA,148.61
Jiangxi Province,2018,102.1,14460,33819,23016.9,6137,6300,464,5216,4513,35.1,105.44,87720,2677714,13658,67394,NA,NA,115.82
Jiangxi Province,2017,102,13242,31198,20497.6,6059,5794,455,3949,4511,32.3,104.83,80797,2216865,7504,45082,NA,NA,96.21
Jiangxi Province,2016,102,12138,28673,18761.2,6918,5633,440,3290,4496,31.3,103.9,77738,1797561,6351,34924,32928.8,2132.85,79.01
Jiangxi Province,2015,101.5,11139,26500,17031.1,7094,5040,510,2522,4485,29.9,98.45,72578,1474968,4403,31321,30618.43,2113.21,64.85
Jiangxi Province,2014,102.3,10117,24309,15858.6,7020,4611,483,2516,4480,29.4,91.64,67025,1284642,4385,28803,28727.02,2118.72,50.76
Jiangxi Province,2013,102.5,9089,22120,14473.4,6667,4217,486,1669,4476,27.4,86.18,58770,1106443,4288,29519,24603.16,1582.38,43.06
Jiangxi Province,2012,102.7,8103,20085,12952.8,7334,3690,464,1135,4475,25.7,85.11,53857,925985,2930,23877,20757.09,1525.78,39.78
Jiangxi Province,2011,105.2,7133,17692,11717.4,6926,3305,439,874,4474,24.6,82.86,49081,769834,2608,23969,17754.18,1380.19,34.19
Jiangxi Province,2010,103,5991,15656,9503.4,7574,4366,531,NA,4462,26.3,81.65,43917,NA,NA,NA,13741.58,1124.91,23.05
Jiangxi Province,2009,99.3,5238,14168,7733,6822,4153,538,500,4432,27.3,79.35,36900,582649,2799,19959,9667.31,802.6,9.79
Jiangxi Province,2008,106,4835,12990,7028.7,6640,4073,577,281,4400,26,76.42,33485,495245,2274,17537,8376.92,715.81,7.76
Jiangxi Province,2007,104.8,4152,11551,5847.3,4542,3242,563,NA,4368,24.3,78.17,28969,NA,NA,NA,6105.97,518.02,9.95
Jiangxi Province,2006,101.2,3541,9625,4752.4,4276,2800,706,NA,4339,25.3,77.05,23200,NA,NA,NA,4180.26,378.79,9.31
Jiangxi Province,2005,101.7,3194,8679,3991.8,3980,2079,804,NA,4311,22.8,64.61,18490,NA,NA,NA,2933.46,200.28,11.12
Jiangxi Province,2004,103.5,2837,7605,3451.1,3415,1597,1228,108,4284,22.4,48.99,16326,150868,915,10335,2170.94,159.42,9.37
Jiangxi Province,2003,100.8,2495,6937,2854.7,2939,1155,1071,NA,4254,21.6,35.86,13667,NA,NA,NA,1443.08,76.78,8.33
Jiangxi Province,2002,100.1,2335,6363,2487.1,2478,783,1519,NA,4222,17.8,26.63,9869,NA,NA,NA,1164.38,55.17,6.29
Jiangxi Province,2001,99.5,2254,5525,2207.1,2284,577,1981,NA,4186,17.3,19.65,7379,NA,NA,NA,991.59,49.05,6.27
Jiangxi Province,2000,100.3,2151,5116,2027.8,2246,252,2509,NA,4149,16.7,14.86,6876,NA,NA,NA,906.76,48.96,6.93
Shandong Province,2020,102.8,18753,43726,74355.9,35378,20995,1614,27413,10165,46.7,229.15,1207308,13656187,63062,255281,NA,NA,1903.89
Shandong Province,2019,103.2,17775,42329,72024.3,33760,17540,1380,21948,10106,44.2,218.39,575432,12109485,45250,198205,NA,NA,1110.02
Shandong Province,2018,102.5,16297,39549,67864.4,30733,25512,1119,31329,10077,46.5,204.08,345229,14184975,46625,236515,NA,NA,819.95
Shandong Province,2017,101.5,15118,36789,63958.6,29512,25328,1125,28448,10033,45.7,201.53,304218,15636785,43666,239170,NA,NA,511.64
Shandong Province,2016,102.1,13954,34012,59702.6,28527,25871,1124,22769,9973,45.8,199.59,251874,14150035,35835,241761,148872.26,8612.67,395.95
Shandong Province,2015,101.2,12930,31545,56159.1,27240,26973,1258,19621,9866,43.7,190.06,219334,12917718,30778,241395,144233.55,8389.55,307.55
Shandong Province,2014,101.9,11882,29222,51552.7,26023,26365,1212,17299,9808,43.1,179.67,199227,11755482,34353,230800,139626.62,8671.02,249.29
Shandong Province,2013,102.2,10687,26882,48058.1,25755,25995,1199,15254,9746,42.2,169.85,176491,10528097,31906,227403,128488.73,8283.11,179.4
Shandong Province,2012,102.1,9506,24496,43584.3,25885,22923,1165,12202,9708,43.4,165.85,158114,9056007,30119,204398,113114.25,7345.42,140.02
Shandong Province,2011,105,8395,21678,39622,28915,22239,1115,9428,9665,45.1,164.56,143374,7431254,25193,180832,98005.94,7105.47,126.38
Shandong Province,2010,102.9,7034,18971,34429.4,29486,28873,1215,NA,9588,44.5,163.14,124523,NA,NA,NA,82652.14,6638.05,100.68
Shandong Province,2009,100,6154,17006,29957.2,30579,29554,1287,5430,9470,45.1,159.3,112000,4567136,18858,129892,70148.15,5591.61,71.94
Shandong Province,2008,105.3,5671,15628,27460.2,32052,26993,1358,4125,9417,60.7,153.4,101163,3759077,12585,124042,60731.24,6267.04,66.01
Shandong Province,2007,104.4,5009,13726,22994.5,20084,21369,1306,NA,9367,43.5,144.04,96311,NA,NA,NA,49020.58,5524.19,45.03
Shandong Province,2006,101,4387,11780,19184,20909,18249,1360,NA,9309,43.7,133.81,88500,NA,NA,NA,38172.55,4508.81,23.2
Shandong Province,2005,101.7,3946,10422,16120.9,20153,14309,1394,NA,9248,42.9,117.13,78620,NA,NA,NA,29982.17,3490.1,98.36
Shandong Province,2004,103.6,3519,9191,13456.2,19251,11499,1496,1202,9180,42.3,94.61,69410,1185772,4842,43800,22038.17,2911.14,75.09
Shandong Province,2003,101.1,3159,8212,11028,17237,6129,1961,NA,9125,41.3,76.14,59662,NA,NA,NA,15061.77,2045.56,52.57
Shandong Province,2002,99.3,2955,7473,10192.6,14741,3953,2082,NA,9082,39.7,58.36,47087,NA,NA,NA,11241.66,1536.05,34.77
Shandong Province,2001,101.8,2810,6995,9172.3,13753,2952,2403,NA,9041,35.4,44.94,42516,NA,NA,NA,9168.61,1273.95,32.19
Shandong Province,2000,100.2,2663,6417,8348.5,12389,1754,2774,NA,8998,37.5,32.53,38950,NA,NA,NA,8133.37,1137.85,28.81
Henan Province,2020,102.8,16108,34750,54160.6,10243,15706,838,9899,9941,62.2,249.22,111920,6855770,26416,145464,NA,NA,379.78
Henan Province,2019,103,15164,34201,53739.3,10145,11979,776,8734,9901,49.4,231.97,116307,6087153,23810,140361,NA,NA,231.89
Henan Province,2018,102.3,13831,31874,50273.5,8257,10151,687,8911,9864,48.6,214.08,105408,5289250,16774,128054,NA,NA,149.28
Henan Province,2017,101.4,12719,29558,44586.5,7827,10105,731,7704,9829,40.7,200.47,104538,4722542,15973,123619,NA,NA,76.85
Henan Province,2016,101.9,11697,27233,40167.7,8058,10826,798,6197,9778,43.6,187.48,82249,4096962,12562,132731,79404.82,3747.01,58.71
Henan Province,2015,101.3,10853,25576,36798.2,8316,10661,820,5250,9701,42.5,176.69,68710,3688252,11764,131051,73367.3,4004.25,45.04
Henan Province,2014,101.9,9966,23672,34611.2,10056,10665,805,5072,9645,40,167.97,58878,3372310,12635,134256,67148.67,3213.4,40.79
Henan Province,2013,102.9,8969,21741,31621.4,9934,10724,803,4182,9573,40.2,161.83,47787,2953410,11257,125091,58779.98,2610,40.24
Henan Province,2012,102.5,7963,19843,28878.5,10168,10846,782,3496,9532,38.3,155.9,46341,2489651,9349,102846,50770.49,2029.19,39.94
Henan Province,2011,105.6,6989,17661,26212.2,10404,10992,764,2961,9461,38.4,150.01,42353,2137236,8415,93833,46177.36,1268.28,38.76
Henan Province,2010,103.5,5846,15463,22568.2,10254,12495,881,NA,9405,38.2,145.67,37866,NA,NA,NA,34532.45,632.48,27.2
Henan Province,2009,99.4,5064,13982,19077.1,10676,11347,804,2096,9487,38.5,136.88,34700,1334943,6981,69647,27282.22,449.64,26.3
Henan Province,2008,107,4672,12901,17541.9,11166,11623,970,1587,9429,36.5,125.02,29305,976394,5151,52482,25595.5,685.63,25.44
Henan Province,2007,105.4,4021,11217,14773.2,2983,7498,1015,NA,9360,33.1,109.52,25656,NA,NA,NA,20100.82,607.95,26.19
Henan Province,2006,101.3,3389,9611,11974.6,2813,6086,1192,NA,9392,35.4,97.41,23300,NA,NA,NA,13676.49,799.52,23.73
Henan Province,2005,102.1,2970,8512,10199.5,2877,4940,1280,NA,9380,33,85.19,20640,NA,NA,NA,10320.95,714.21,26.37
Henan Province,2004,105.4,2630,7584,8493.5,2600,5214,1715,445,9717,31.2,70.28,14861,274981,2403,25197,7449.37,342.69,20.32
Henan Province,2003,101.6,2292,6833,7017.1,2403,2436,2253,NA,9667,26.3,55.72,12628,NA,NA,NA,5286.16,224.28,19.27
Henan Province,2002,100.1,2262,6176,6094.2,2437,1815,2562,NA,9613,25.4,46.8,11816,NA,NA,NA,4232.28,170.4,17.85
Henan Province,2001,100.7,2133,5221,5586.6,2401,1360,2856,NA,9555,23.1,36.91,10073,NA,NA,NA,3761.94,127.42,21.26
Henan Province,2000,99.2,2011,4735,5097.3,3004,1145,3069,NA,9488,21.4,27.34,11359,NA,NA,NA,3424.92,119.76,21.16
Hubei Province,2020,102.7,16306,36706,43017.6,12468,11238,798,18798,5745,55.3,161.69,237071,6109588,20626,125066,NA,NA,1665.81
Hubei Province,2019,103.1,16391,37601,45557,12378,9806,774,16366,5927,37.6,150.08,186438,5865143,17424,115743,NA,NA,1429.84
Hubei Province,2018,101.9,14978,34455,42425.5,11761,9054,716,12858,5917,36.1,143.82,142275,5255194,13574,105041,NA,NA,1204.09
Hubei Province,2017,101.5,13812,31889,37624.2,10962,8191,768,10112,5904,37.1,140.09,115103,4689377,12968,94241,NA,NA,1033.08
Hubei Province,2016,102.2,12725,29386,33767.6,8976,8857,772,9227,5885,32.9,140.18,99316,4459622,10363,96340,47295.43,1905.07,903.84
Hubei Province,2015,101.5,11844,27051,30661.6,8646,8833,759,7227,5850,33.4,141.06,89231,4072726,8647,86813,44113.44,1688.02,789.34
Hubei Province,2014,102,10849,24852,28805.9,8160,8586,742,6471,5816,37.9,141.97,77671,3629506,9955,91456,42012.2,1456.4,580.68
Hubei Province,2013,102.8,9692,22668,25851.7,7693,7686,728,6119,5798,40.2,142.14,65357,3117987,9522,85826,38107.78,1544.19,397.62
Hubei Province,2012,102.9,8582,20623,22921,8023,6020,676,4789,5781,42.3,138.61,58274,2633099,8062,77087,32473.97,1393.6,196.39
Hubei Province,2011,105.8,7540,18183,20228.3,7473,5205,658,3469,5760,55.1,134.03,51896,2107553,7077,71281,27325.7,1191.94,125.69
Hubei Province,2010,102.9,6375,15891,16489.1,7486,9313,886,NA,5728,55.7,129.69,42864,NA,NA,NA,21118.44,958.14,90.72
Hubei Province,2009,99.6,5464,14229,13422.6,7237,7875,864,2813,5720,55.3,124.91,37700,1205733,6104,50425,15164.52,653.47,77.03
Hubei Province,2008,106.3,5018,13037,11707.8,7560,6432,887,1220,5711,55.1,118.49,34030,872514,4531,42282,13146.93,674.02,62.9
Hubei Province,2007,104.8,4276,11394,9601.8,3964,4512,834,NA,5699,54.1,116.37,31345,NA,NA,NA,9403.07,549.77,52.21
Hubei Province,2006,101.6,3631,9733,7636.7,4230,3555,873,NA,5693,52.6,109.23,28000,NA,NA,NA,7301.67,449.94,44.44
Hubei Province,2005,102.9,3268,8730,6548.8,4284,3009,1058,NA,5710,52.6,101.27,25780,NA,NA,NA,5937.38,316.36,50.18
Hubei Province,2004,104.9,3027,7978,5619.2,4173,2404,1327,445,5698,49.4,89.2,22694,263306,1714,21065,4868.66,234.98,46.17
Hubei Province,2003,102.2,2669,7287,4818.8,4031,2301,1617,NA,5685,49.3,72.15,17676,NA,NA,NA,3967.67,160.42,41.25
Hubei Province,2002,99.6,2525,6762,4263,3705,1598,2100,NA,5672,44.7,58.5,15854,NA,NA,NA,3514.47,145.41,34.86
Hubei Province,2001,100.3,2414,5838,3921.5,4443,1132,2498,NA,5658,42.2,45.33,14143,NA,NA,NA,3161.77,119.79,33.86
Hubei Province,2000,99,2313,5512,3577.4,5123,614,2965,NA,5646,36.6,35.77,16670,NA,NA,NA,3038.08,136.49,27.6
Hunan Province,2020,102.3,16585,41698,41693.7,10715,15659,759,15169,6645,31.4,151.03,214906,6645286,25510,121470,NA,NA,735.95
Hunan Province,2019,102.9,15395,39842,39930.7,9870,12993,757,13356,6640,31.1,140.71,184126,5931485,21212,106946,NA,NA,490.69
Hunan Province,2018,102,14093,36698,36629.3,8765,12303,715,11517,6635,40.4,132.68,183185,5167217,15311,102800,NA,NA,281.61
Hunan Province,2017,101.4,12936,33948,34127.7,7733,11514,736,9144,6633,44.5,127.32,163392,4617716,10411,94228,NA,NA,203.19
Hunan Province,2016,101.9,11930,31284,31225,6677,10650,742,8021,6625,44.9,122.5,58000,3929647,7899,86440,39319.29,1439.57,105.63
Hunan Province,2015,101.4,10993,28838,28811.7,5865,10094,764,7591,6615,45.1,118.06,52147,3525450,6646,83821,36231.56,1411.32,105.06
Hunan Province,2014,101.9,10060,26570,26309.1,5353,9486,754,7333,6611,47.3,113.63,46307,3100446,9393,77428,34393.66,1330.17,97.93
Hunan Province,2013,102.5,9029,24352,23916.3,5020,9194,752,6880,6600,45.6,110.08,40486,2703987,8425,73558,32157.78,1251.75,77.21
Hunan Province,2012,102,8024,22173,21513.7,4882,8575,727,6299,6590,44.1,108.22,38381,2290877,7563,69784,28185.44,1034.03,42.24
Hunan Province,2011,105.5,7082,19599,19176.4,5257,8224,738,4894,6581,43.1,106.79,34958,1817773,6928,57478,26022.13,748.67,35.39
Hunan Province,2010,103.1,6063,17229,15814.9,5410,9152,833,NA,6570,43.2,104.72,32406,NA,NA,NA,18731.35,494.65,40.09
Hunan Province,2009,99.6,5262,15641,12965.9,5220,9021,823,3786,6406,47.8,101.68,28000,1096144,5669,38041,13318.89,323.76,44.04
Hunan Province,2008,106,4808,14288,11466.6,5085,8066,854,1348,6380,47,95.23,26622,811298,3606,32465,11402.12,577.13,47.7
Hunan Province,2007,105.6,4134,12669,9409.9,2964,6319,858,NA,6355,44.4,89.86,24324,NA,NA,NA,8383.83,468.24,46.08
Hunan Province,2006,101.4,3567,10791,7529.2,2948,5409,1031,NA,6342,43.3,83.02,21300,NA,NA,NA,6103.3,382.24,45.53
Hunan Province,2005,102.3,3262,9754,6451.7,2712,4379,1058,NA,6326,41.9,75.49,15820,NA,NA,NA,4721.59,257.69,41.74
Hunan Province,2004,105.1,2952,8799,5619.6,2598,3380,1474,745,6698,43,63.9,11908,186180,1078,15057,3616.95,235.98,40.83
Hunan Province,2003,102.4,2619,7811,4726.9,2337,2034,1642,NA,6663,37.1,53.72,10214,NA,NA,NA,2607.09,151.2,36.93
Hunan Province,2002,99.5,2465,7061,4207.2,2152,1303,2043,NA,6629,30.4,41.94,8681,NA,NA,NA,2090.4,125.08,32.34
Hunan Province,2001,99.1,2351,6861,3877.1,2080,875,2117,NA,6596,30.3,33.13,6567,NA,NA,NA,1788.02,101.65,29.39
Hunan Province,2000,101.4,2234,6274,3591,2316,471,2339,NA,6562,27.6,26.58,7306,NA,NA,NA,1605.37,92.69,28.68
Guangdong Province,2020,102.6,20143,50257,113708.9,175397,37305,1229,127497,12624,73.9,240.02,2167181,24999527,132120,700017,NA,NA,3267.21
Guangdong Province,2019,103.4,18818,48118,110468.1,179268,30961,1181,121320,12489,36.9,205.4,1953252,23148566,106340,642490,NA,NA,2223.08
Guangdong Province,2018,102.2,17168,44341,101875.9,170968,20061,1058,103499,12348,36.6,196.32,1923465,21072031,76985,621950,NA,NA,1365.42
Guangdong Province,2017,101.5,15780,40975,93004.8,135869,19918,1058,86724,12141,37.1,192.58,1762227,18650313,73439,457342,NA,NA,937.08
Guangdong Province,2016,102.3,14512,37684,83493.4,119688,17225,1079,68168,11908,38,189.29,781571,16762749,50740,423730,129840.69,32240.68,758.17
Guangdong Province,2015,101.5,13360,34757,75820.8,111169,16581,1035,51672,11678,37,185.64,644310,15205497,37375,411059,121049.68,32035.16,662.58
Guangdong Province,2014,102.3,12246,32148,69593.4,104555,15974,1017,55624,11489,36.8,179.42,562063,13752869,42941,424872,116336.46,32885.91,413.25
Guangdong Province,2013,102.5,11068,29537,63757.3,100639,15883,1038,47213,11270,38,170.99,512640,12374791,40759,426330,106853.68,30205.44,529.39
Guangdong Province,2012,102.8,9999,26981,58057.6,98564,14322,1012,44200,11041,39.6,161.68,478645,10778634,37460,424563,93754.37,28540.5,364.94
Guangdong Province,2011,105.3,8889,24010,54009.6,97084,14632,1021,36053,10756,38.8,152.73,452466,8994412,29243,346260,92612.39,27409.88,275.06
Guangdong Province,2010,103.1,7484,21332,46821.3,93756,23015,1250,NA,10441,39.3,142.66,421260,NA,NA,NA,83646.51,25919.08,235.89
Guangdong Province,2009,97.7,6580,19432,40215.7,90189,22119,1264,27768,10130,39.5,133.41,393900,5523733,24888,228907,66292.14,21087.52,170.98
Guangdong Province,2008,105.6,6122,17930,37351.5,90114,21658,1487,18802,9893,38.1,121.64,372646,4423514,15280,197488,63547.23,23896.31,201.63
Guangdong Province,2007,103.7,5403,16228,32308.5,66789,16341,1332,NA,9660,36.2,111.97,350705,NA,NA,NA,54054.36,21891.8,132.84
Guangdong Province,2006,101.8,4901,14815,26403.1,61999,13753,1536,NA,9442,36.2,100.86,314300,NA,NA,NA,43623.54,18760.23,107.03
Guangdong Province,2005,102.3,4544,13783,22366.1,58762,12145,1806,NA,9194,34.5,87.47,288920,NA,NA,NA,35045.52,14326.66,112.47
Guangdong Province,2004,103,4247,12829,18994,55259,11635,2080,4053,9111,35.9,72.69,260957,1631096,3815,54474,28902.3,12933.67,57.27
Guangdong Province,2003,100.6,3960,11759,16286.6,51672,7175,2103,NA,8963,35.5,58.78,241262,NA,NA,NA,20925.76,9064.67,80.57
Guangdong Province,2002,98.6,3836,10673,13848.6,49875,5744,2531,NA,8842,36.5,46.78,236354,NA,NA,NA,16026.58,6679.92,68.45
Guangdong Province,2001,99.3,3711,10068,12319.2,47102,4430,2793,NA,8733,34.5,38.19,221823,NA,NA,NA,13701.76,5352.14,53.97
Guangdong Province,2000,101.4,3612,9518,10958.4,49865,2886,3320,NA,8650,30.2,30.6,216510,NA,NA,NA,12156.19,4634.44,48.21
Guangxi Zhuang Autonomous Region,2020,102.8,14815,35859,22250.7,6577,5204,657,2803,5019,22.9,118.42,289389,1133332,4213,20407,NA,NA,91.67
Guangxi Zhuang Autonomous Region,2019,103.7,13676,34745,21341.5,5972,4013,589,2634,4982,19.7,107.64,91640,1044742,3937,22102,NA,NA,77.56
Guangxi Zhuang Autonomous Region,2018,102.3,12435,32436,19951.7,5333,3784,542,2559,4947,16.7,94.22,62723,891031,2884,17228,NA,NA,61.41
Guangxi Zhuang Autonomous Region,2017,101.6,11325,30502,18071.7,4872,3493,538,2502,4907,14.7,86.67,56200,935996,2795,16163,NA,NA,39.42
Guangxi Zhuang Autonomous Region,2016,101.6,10359,28324,16417.2,4485,3013,572,2660,4857,18.1,81.03,43720,827248,2664,19402,23406.97,843.22,33.99
Guangxi Zhuang Autonomous Region,2015,101.5,9467,26416,15030.2,4215,2995,570,2005,4811,18.1,75.12,42529,769190,2397,19000,21412.39,804.24,7.31
Guangxi Zhuang Autonomous Region,2014,102.1,8683,24669,13856.7,3949,2936,552,2423,4770,18.7,70.19,37396,848808,3260,22793,19629.1,734.52,11.58
Guangxi Zhuang Autonomous Region,2013,102.2,7793,22689,12680.6,3756,2970,547,2234,4731,18,65.61,31927,817063,2890,20700,17437.82,670.86,7.34
Guangxi Zhuang Autonomous Region,2012,103.2,6894,20681,11496.6,3773,2799,527,1333,4694,18.9,62.92,31143,702225,3526,20845,14950.7,580.19,2.52
Guangxi Zhuang Autonomous Region,2011,105.9,6003,18356,10472.7,4650,2648,504,738,4655,18.8,60.01,29942,586791,2890,20155,12246.51,564.2,5.64
Guangxi Zhuang Autonomous Region,2010,103,5214,16613,8712,5327,3931,632,NA,4610,19.1,56.75,27973,NA,NA,NA,9150.03,385.26,4.14
Guangxi Zhuang Autonomous Region,2009,97.9,4517,15074,7243.4,4391,3200,615,501,4856,19.1,52.83,27200,324191,2920,12042,6542.47,254.89,1.77
Guangxi Zhuang Autonomous Region,2008,107.8,4143,13829,6561.9,4297,2938,627,306,4816,18.8,48.42,25826,239850,1535,9358,5759.32,340.31,2.7
Guangxi Zhuang Autonomous Region,2007,106.1,3579,11953,5556.4,2468,2117,612,NA,4768,18.5,43.43,21908,NA,NA,NA,4446.72,275.77,1
Guangxi Zhuang Autonomous Region,2006,101.3,3038,9720,4479.8,2611,1597,906,NA,4719,20,38.74,18000,NA,NA,NA,3230.4,195.6,0.94
Guangxi Zhuang Autonomous Region,2005,102.4,2708,9138,3789.5,2441,1277,1005,NA,4660,18.5,33.83,14710,NA,NA,NA,2498.53,152.17,9.41
Guangxi Zhuang Autonomous Region,2004,104.4,2476,8568,3348.9,2336,1031,1426,140,4889,17.8,28.1,12678,65654,592,4879,1964.65,125.24,9.1
Guangxi Zhuang Autonomous Region,2003,101.1,2225,7692,2833.6,2311,665,1252,NA,4857,14.9,22.73,10448,NA,NA,NA,1405.13,88.45,4.18
Guangxi Zhuang Autonomous Region,2002,99.1,2116,7242,2552.8,2509,421,1600,NA,4822,14.7,18.63,10444,NA,NA,NA,1155.15,73.01,4.44
Guangxi Zhuang Autonomous Region,2001,100.6,2024,6612,2302.8,2436,337,1829,NA,4788,14.2,15.16,10246,NA,NA,NA,1029.35,72.7,3.78
Guangxi Zhuang Autonomous Region,2000,99.7,1921,5800,2096.7,2705,231,2027,NA,4751,11.3,12.37,10850,NA,NA,NA,981.62,81.2,1.77
Hainan Province,2020,102.3,16279,37097,5640.8,4234,117,68,411,1012,7.9,23.01,2744956,117021,691,2050,NA,NA,20.19
Hainan Province,2019,103.4,15113,36017,5442.1,3319,81,56,269,995,5.6,20.74,104528,108154,549,1779,NA,NA,9.11
Hainan Province,2018,102.5,13989,33349,5004.2,2707,50,53,249,982,5.5,18.92,92793,113708,548,1971,NA,NA,6.94
Hainan Province,2017,102.8,12902,30817,4552.9,2442,50,52,267,972,5.5,18.55,76089,74815,572,1971,NA,NA,4.11
Hainan Province,2016,102.8,11843,28453,4151,2660,45,53,360,957,5.1,18.49,76039,79819,552,2688,1765.1,193.55,3.44
Hainan Province,2015,101,10858,26356,3782.7,3111,49,75,312,945,4.8,18.29,31174,111841,570,3325,1833.26,177.11,2.19
Hainan Province,2014,102.4,9913,24487,3541.2,3038,46,76,505,936,4.3,18.06,27888,111010,934,3484,1901.15,203.45,0.65
Hainan Province,2013,102.8,8802,22411,3201.9,3105,46,80,389,920,3.9,17.21,26994,93567,769,2882,1747.45,162.3,3.87
Hainan Province,2012,103.2,7816,20446,2863.6,3105,44,82,279,910,3.6,16.83,27072,78093,478,2767,1799.06,117.61,0.57
Hainan Province,2011,106.1,6801,17954,2525.1,2960,46,78,219,890,2.9,15.67,22066,57760,299,1587,1576.49,98.77,3.46
Hainan Province,2010,104.8,5566,15229,2073.7,4171,94,101,NA,869,4.8,15.08,25886,NA,NA,NA,1354.09,96.99,3.27
Hainan Province,2009,99.3,4984,13465,1652.2,4531,96,102,149,864,5.3,14.21,90300,22616,311,1046,1052.92,88.4,0.56
Hainan Province,2008,106.9,4593,12367,1502,4921,113,109,43,854,5.6,12.64,96659,8768,74,554,1089.6,62.15,3.56
Hainan Province,2007,105.1,3949,10807,1252.8,3194,105,132,NA,845,5.4,10.83,94102,NA,NA,NA,992.41,81.96,0.73
Hainan Province,2006,101.5,3376,9250,1040.3,2536,114,239,NA,836,5.2,9.01,11800,NA,NA,NA,622.08,45.73,0.85
Hainan Province,2005,101.5,3102,8013,896.1,2456,121,247,NA,828,5.1,7,9200,NA,NA,NA,468.18,25.12,1
Hainan Province,2004,104.4,2898,7643,813.1,2329,110,246,19,818,4.7,5.79,8633,11378,111,475,399.51,28.84,0.19
Hainan Province,2003,100.1,2651,7185,722.6,2366,95,346,NA,811,3.6,4.35,8900,NA,NA,NA,321.67,15.8,1.2
Hainan Province,2002,99.5,2472,6764,650,2251,89,354,NA,803,4,3.47,9851,NA,NA,NA,258.08,10.35,0.91
Hainan Province,2001,98.5,2262,5800,585.3,5940,71,372,NA,796,3.8,2.61,21496,NA,NA,NA,209.2,11.1,8.4
Hainan Province,2000,101.1,2208,5332,532,7248,57,401,NA,789,3.7,1.92,23436,NA,NA,NA,191.52,11.27,0
Chongqing,2020,102.3,16361,40006,25158.1,6719,5443,561,6300,3209,29.6,91.56,123895,3725610,16167,69843,NA,NA,117.79
Chongqing,2019,102.7,15133,37939,23689.6,6358,4830,548,5565,3188,17.5,83.49,111070,3358918,14001,62424,NA,NA,56.65
Chongqing,2018,102,13781,34889,21866.8,6299,4321,492,6198,3163,13.1,76.28,110686,2992091,12484,61956,NA,NA,188.35
Chongqing,2017,101,12638,32193,20260.8,5739,4223,511,5149,3144,14.3,74.69,94558,2799986,10624,56416,NA,NA,51.36
Chongqing,2016,101.8,11549,29610,18271.1,5555,4242,511,5392,3110,15.7,73.25,88065,2374859,7612,47392,23497.42,2924.89,147.19
Chongqing,2015,101.3,10505,27239,16305.9,5009,4112,512,6758,3070,14.3,71.66,78845,1996609,6544,45129,20944.81,2666.32,57.24
Chongqing,2014,101.8,9490,25147,14911.7,5147,3855,497,3696,3043,13.4,69.16,67517,1664720,7879,43797,18438.72,2725.64,156.2
Chongqing,2013,102.7,8493,23058,13275.8,5397,3548,482,2509,3011,12.1,65.94,58841,1388199,5794,36605,15475.67,2276.75,90.28
Chongqing,2012,102.6,7526,21003,11797.8,4461,3221,473,2460,2975,12.4,62.36,53694,1171045,5113,31577,12812.47,1669.82,54.02
Chongqing,2011,105.3,6605,18517,10314.1,3985,3115,458,2089,2944,13,56.78,45194,943975,4524,27652,11534.52,922.48,68.15
Chongqing,2010,103.2,5378,16032,8186.5,4827,5202,547,NA,2885,13,52.27,34885,NA,NA,NA,8970.37,425.09,79.44
Chongqing,2009,98.4,4557,14502,6744.1,4447,4767,518,1217,2859,13.4,48.42,27800,564856,3726,23279,6657.73,268.31,38.32
Chongqing,2008,105.6,4193,13321,5978.8,4333,4804,520,723,2839,13,45,23848,465280,3014,23174,5637.71,330.36,62.19
Chongqing,2007,104.7,3560,11758,4837.5,1519,2371,466,NA,2816,14.1,41.37,19774,NA,NA,NA,4235.63,280.61,39.57
Chongqing,2006,102.4,2911,10878,3949,1360,1827,470,NA,2808,15.4,37.61,9300,NA,NA,NA,3163.2,225.34,55.35
Chongqing,2005,100.8,2842,9700,3491.6,1315,1570,471,NA,2798,16.9,33.36,8030,NA,NA,NA,2495.3,165.13,35.71
Chongqing,2004,103.7,2536,8793,3103.2,1294,1176,529,184,2793,16.8,28.45,7245,154250,1315,11111,2139.88,136.59,59.62
Chongqing,2003,100.6,2233,7773,2654.4,1129,914,570,NA,2803,16.2,24.05,6547,NA,NA,NA,1553.58,104.04,55.51
Chongqing,2002,99.6,2112,7000,2310.3,1388,636,623,NA,2814,16.2,20.01,6893,NA,NA,NA,1204.66,73.67,40.94
Chongqing,2001,101.7,1982,6544,2038.9,1502,570,726,NA,2829,13.7,16.16,7024,NA,NA,NA,1050.37,66.03,28.95
Chongqing,2000,96.7,1900,6152,1841.4,1708,298,931,NA,2849,10.2,12.63,6602,NA,NA,NA,953.58,53.84,29.66
Sichuan Province,2020,103.2,15929,38253,49445.1,13545,10981,1239,13439,8371,54.4,180.09,296279,4276383,22242,90128,NA,NA,1244.59
Sichuan Province,2019,103.2,14670,36154,47168.6,12950,9270,1109,11250,8351,50.4,166.17,289060,3878572,17461,78289,NA,NA,1211.95
Sichuan Province,2018,101.7,13331,33216,43539,12502,8127,952,10705,8321,53.3,156.47,125557,3423923,11779,77848,NA,NA,996.7
Sichuan Province,2017,101.4,12227,30727,38517.1,11462,7890,970,10335,8289,55.8,149.97,112797,3010846,12359,71968,NA,NA,405.83
Sichuan Province,2016,101.9,11203,28335,33879.2,10370,7786,977,8523,8251,56.3,144.66,94193,2572607,8869,60146,42103.39,2234.36,299.3
Sichuan Province,2015,101.5,10247,26205,30829.1,10594,7520,978,8085,8196,54.6,138.79,88409,2238051,6609,56841,39213.22,1411.95,282.32
Sichuan Province,2014,101.6,9348,24234,29357.5,10253,7368,929,7800,8139,54.4,132.83,82752,1960112,11027,62145,37400.29,1910.45,199.05
Sichuan Province,2013,102.8,8381,22228,26858.4,9147,7115,917,5666,8109,42.9,127.08,72490,1688902,10298,58148,34544.52,2996.29,148.58
Sichuan Province,2012,102.5,7432,20180,24224.9,9107,6864,888,4316,8085,40.7,122.37,64045,1422310,9868,50533,30227.87,2025.6,111.24
Sichuan Province,2011,105.3,6505,17787,21313.1,10026,7123,851,2483,8064,36.9,113.93,57419,1044666,6712,36839,29779.58,1488.52,67.83
Sichuan Province,2010,103.2,5400,15364,17466.7,12050,8135,921,NA,8045,34.6,108.62,54383,NA,NA,NA,22634.86,862.2,54.74
Sichuan Province,2009,100.8,4714,13759,14396.2,11521,7774,972,1650,8185,36.3,103.59,46100,817664,6974,44370,17700.55,570.88,54.6
Sichuan Province,2008,105.1,4334,12567,12941.4,9398,7960,1006,1007,8138,37.9,99.11,42113,681656,5769,45137,14421.9,545.61,43.53
Sichuan Province,2007,105.9,3711,11045,10694.5,4247,5672,878,NA,8127,34.5,91.84,26868,NA,NA,NA,10821.18,434.5,30.39
Sichuan Province,2006,102.3,3126,9310,8602.1,4491,4571,933,NA,8169,36.1,86.06,19900,NA,NA,NA,7777.57,368.85,25.93
Sichuan Province,2005,101.7,2905,8354,7287.4,4075,3893,928,NA,8212,34.3,77.54,16600,NA,NA,NA,6098.97,283.28,19.08
Sichuan Province,2004,104.9,2599,7684,6395.8,3789,3374,1057,477,8090,33.3,63.73,13982,277068,2254,22473,4722.8,262.78,16.56
Sichuan Province,2003,101.7,2290,7022,5422.7,4162,2054,1065,NA,8176,33.1,51.27,13632,NA,NA,NA,3346.65,219.34,12.87
Sichuan Province,2002,99.7,2155,6595,4790.5,3913,1529,1324,NA,8110,33.8,41.24,11998,NA,NA,NA,2706.91,186.06,7.75
Sichuan Province,2001,102.1,2022,6348,4350.5,3678,1211,1485,NA,8143,31.9,31.67,10939,NA,NA,NA,2258.76,111.02,12.63
Sichuan Province,2000,100.1,1929,5886,3975.6,3539,868,1699,NA,8329,30.8,24.56,10107,NA,NA,NA,2039.89,91.66,10.42
Guizhou Province,2020,102.6,11642,36096,18308.3,3184,3158,595,3475,3858,19.5,84.02,83573,1053574,5068,26261,NA,NA,249.11
Guizhou Province,2019,102.4,10756,34404,17251.8,3056,3126,553,2985,3848,15.3,76.57,48722,910206,3850,23164,NA,NA,227.18
Guizhou Province,2018,101.8,9716,31592,15886.6,1891,3580,485,2611,3822,15.1,68.75,45303,762280,2860,20041,NA,NA,171.1
Guizhou Province,2017,100.9,8869,29080,14067.3,1671,3344,512,2542,3803,14.9,62.77,31251,648576,2758,18786,NA,NA,80.74
Guizhou Province,2016,101.4,8090,26743,12133.9,1511,3007,554,2021,3758,14.8,57.39,23719,556853,2145,15774,11550.45,181.99,20.44
Guizhou Province,2015,101.8,7387,24580,10887.1,1662,2436,525,1953,3708,14.5,50.09,18147,457303,1619,14916,9821.08,140.15,25.96
Guizhou Province,2014,102.4,6671,22548,9297.5,1515,1851,509,1918,3677,14.1,46.04,15472,410132,1682,15659,9052.59,122.94,20.04
Guizhou Province,2013,102.5,5898,20565,8079.9,1386,1639,497,1516,3632,13.7,41.9,11856,342541,1717,16049,7650.47,100,18.4
Guizhou Province,2012,102.7,5159,18608,6828.1,1688,1226,469,1347,3587,12.6,38.38,7670,315079,1649,12135,6170.82,109.74,9.67
Guizhou Province,2011,105.1,4499,16413,5690.5,2029,1129,431,813,3530,12.5,34.41,5681,275217,1345,9564,5248.66,99.47,13.65
Guizhou Province,2010,102.9,3768,14073,4583.7,1936,1469,516,NA,3479,12.2,32.33,4132,NA,NA,NA,4014.54,90.06,7.72
Guizhou Province,2009,98.7,3240,12804,3910.7,1966,1308,523,653,3537,12.3,29.91,3600,187695,1278,7234,3248.35,73.42,1.78
Guizhou Province,2008,107.6,2996,11710,3551.3,2201,1267,530,465,3596,12.5,26.75,3215,145973,825,6134,2969.3,88.19,2.04
Guizhou Province,2007,106.4,2526,10638,2883,603,965,541,NA,3632,12.1,24.17,2797,NA,NA,NA,2436.79,71.43,0.66
Guizhou Province,2006,101.7,2097,9086,2292.3,601,988,760,NA,3690,12.1,22.15,2600,NA,NA,NA,2004.32,61.29,0.54
Guizhou Province,2005,101,1971,8127,1964.2,649,851,927,NA,3730,12.1,20.68,2340,NA,NA,NA,1634.46,62.29,1.05
Guizhou Province,2004,104,1796,7303,1672.7,641,724,1101,128,3904,11.6,17.99,2234,64875,473,3927,1338.77,65.9,1.35
Guizhou Province,2003,101.2,1622,6555,1449,595,489,1037,NA,3870,11.2,14.94,2100,NA,NA,NA,949.11,44.29,1.79
Guizhou Province,2002,99,1535,5933,1260.4,639,352,1191,NA,3837,11.1,12.27,1891,NA,NA,NA,763.65,31.46,1.35
Guizhou Province,2001,101.8,1446,5444,1147.1,714,275,1269,NA,3799,11.1,10.82,1599,NA,NA,NA,666.87,27.87,0.06
Guizhou Province,2000,99.5,1399,5117,1040.4,715,167,1397,NA,3756,10.2,7.98,1493,NA,NA,NA,610.21,27.41,0.06
Yunnan Province,2020,103.6,12842,37500,25214.5,6062,2921,666,3131,4722,31.9,96.42,142431,1451454,6065,28894,NA,NA,49.95
Yunnan Province,2019,102.5,11902,36238,23902.1,5602,2349,643,2665,4714,22.9,86.4,67099,1297741,6286,29440,NA,NA,82.7
Yunnan Province,2018,101.6,10768,33488,21427.5,4343,2159,601,2038,4703,20.9,76.47,54369,1070172,4216,24048,NA,NA,89.49
Yunnan Province,2017,100.9,9862,30996,18864.6,4366,2044,661,1891,4693,19.8,70.59,37382,885588,4122,21393,NA,NA,84.76
Yunnan Province,2016,101.5,9020,28611,16773.6,4087,1962,660,1878,4677,20.1,65.66,33005,741847,3441,17166,10080.39,269.81,58.26
Yunnan Province,2015,101.9,8242,26373,15358.6,3901,1789,623,1493,4663,19.5,61.46,32720,619588,3017,16381,9667.86,172.95,51.84
Yunnan Province,2014,102.4,7456,24299,14275.1,4046,1776,589,1281,4653,19.2,57.7,25253,516572,2102,12980,10022.04,153.6,47.92
Yunnan Province,2013,103.1,6724,22460,13027,4262,1666,571,1167,4641,18.1,54.86,24097,454278,1729,11811,9831.22,130.91,42
Yunnan Province,2012,102.7,5930,20371,11266.3,3956,1455,540,1066,4631,17.4,51.22,22561,384430,1665,12321,8783.33,125.59,45.48
Yunnan Province,2011,104.9,5170,17956,9666.2,3919,1285,509,711,4620,16,48.76,20641,299279,1514,10335,7527.74,114.19,11.71
Yunnan Province,2010,103.7,4327,15528,7869.9,3833,2000,555,NA,4602,15.7,43.9,17949,NA,NA,NA,6247.87,115.14,10.88
Yunnan Province,2009,100.4,3661,13980,6690.2,3880,1892,551,421,4571,15.4,39.36,15900,151147,991,6790,4982.23,99.14,10.25
Yunnan Province,2008,105.7,3348,12876,6120.6,4084,1740,539,293,4543,14.8,34.77,14106,131583,1072,8203,4896.85,116.03,5.05
Yunnan Province,2007,105.9,2821,11202,5166,2055,1277,517,NA,4514,14,31.11,11833,NA,NA,NA,4225.66,159.26,9.75
Yunnan Province,2006,101.9,2392,9840,4157.7,1967,1115,639,NA,4483,13.8,28.42,10700,NA,NA,NA,3338.22,115.76,8.27
Yunnan Province,2005,101.4,2155,9078,3553.3,1817,925,652,NA,4450,13,25.47,8420,NA,NA,NA,2577.47,89.63,15.92
Yunnan Province,2004,106,1954,8713,3185.3,1761,784,781,158,4415,11.9,21.63,7892,43881,571,3978,2059.68,94.22,21.56
Yunnan Province,2003,101.2,1766,7528,2673.6,1666,446,943,NA,4376,12.1,17.53,7309,NA,NA,NA,1547.14,60.21,22.87
Yunnan Province,2002,99.8,1663,7149,2392,1619,249,1214,NA,4333,9.8,14.34,6055,NA,NA,NA,1307.43,50.58,17.95
Yunnan Province,2001,99.1,1575,6729,2186.4,1632,167,1277,NA,4287,8,11.9,5377,NA,NA,NA,1141.31,50.04,25.53
Yunnan Province,2000,97.9,1508,6277,2052.3,1634,105,1388,NA,4241,6.8,9.59,4819,NA,NA,NA,1050.45,41.83,18.77
Tibet Autonomous Region,2020,102.2,14598,41156,1956.5,282,55,56,29,366,2.1,3.86,2859,8944,51,190,NA,NA,0.78
Tibet Autonomous Region,2019,102.3,12951,37410,1750.3,278,41,44,32,361,2.1,3.62,2665,5574,46,264,NA,NA,0.96
Tibet Autonomous Region,2018,101.7,11450,33797,1583.5,266,38,34,15,354,2.1,3.57,2639,8625,35,326,NA,NA,0.04
Tibet Autonomous Region,2017,101.6,10330,30671,1381,252,37,32,12,349,1.9,3.56,3031,3186,32,202,NA,NA,0.04
Tibet Autonomous Region,2016,102.5,9094,27802,1197.4,236,32,26,15,340,1.8,3.5,2259,4003,29,208,163.73,0.03,NA
Tibet Autonomous Region,2015,102,8244,25457,1063.6,221,29,27,14,330,1.8,3.42,1997,2602,21,43,126.12,0.03,NA
Tibet Autonomous Region,2014,102.9,7359,22016,954.8,255,25,25,6,325,1.7,3.35,1328,2943,30,130,109.27,0.41,NA
Tibet Autonomous Region,2013,103.6,6553,20394,840.3,240,19,25,8,317,1.6,3.36,1311,4617,20,81,97.09,0.15,NA
Tibet Autonomous Region,2012,103.5,5698,18362,721.1,208,13,26,17,315,1.6,3.35,1131,5312,24,78,88.96,0.03,NA
Tibet Autonomous Region,2011,105,4886,16496,620.8,298,8,25,19,309,1,3.24,726,1637,16,22,74.48,0.02,NA
Tibet Autonomous Region,2010,102.2,4123,15258,521.4,264,26,37,NA,300,2.1,3.11,534,NA,NA,NA,60.06,0.03,NA
Tibet Autonomous Region,2009,101.4,3519,13775,453,243,22,33,12,296,2,3.03,600,6376,19,378,50.16,0.08,NA
Tibet Autonomous Region,2008,105.7,3166,12677,405.2,132,22,36,11,292,NA,2.94,550,4536,14,39,44.26,0.04,NA
Tibet Autonomous Region,2007,103.4,2780,11289,349.8,129,15,53,NA,289,NA,2.68,509,NA,NA,NA,38.72,0.01,NA
Tibet Autonomous Region,2006,102,2429,9053,290.6,115,14,161,NA,285,NA,2.33,400,NA,NA,NA,30.56,0.02,NA
Tibet Autonomous Region,2005,101.5,2073,9538,247,100,11,170,NA,280,NA,1.9,350,NA,NA,NA,25.6,0.08,NA
Tibet Autonomous Region,2004,102.7,1858,9196,220.9,86,5,163,NA,276,1.2,1.47,331,10,NA,4,21.07,0.1,NA
Tibet Autonomous Region,2003,100.9,1688,8841,188.2,107,38,199,NA,272,NA,1.04,359,NA,NA,NA,20.11,0.05,NA
Tibet Autonomous Region,2002,100.4,1460,8137,164,94,45,197,NA,268,1.3,0.84,349,NA,NA,NA,17.72,0.05,NA
Tibet Autonomous Region,2001,100.1,1402,7915,140.7,85,45,229,NA,264,NA,0.68,343,NA,NA,NA,15.97,0.07,NA
Tibet Autonomous Region,2000,99.9,1330,7459,118.9,78,38,232,NA,258,1,0.55,335,NA,NA,NA,15.14,0.12,NA
Shaanxi Province,2020,102.5,13316,37868,26297,6287,4633,943,6445,3955,24.5,121,183272,2684020,8181,48809,NA,NA,1758.72
Shaanxi Province,2019,102.9,12326,36098,26214.5,6170,3333,886,5593,3944,23.8,112.2,121290,2408037,6098,42983,NA,NA,1467.35
Shaanxi Province,2018,102.1,11213,33319,24354.8,5856,2665,746,4436,3931,24.1,105.48,118786,2165554,4470,39315,NA,NA,1125.29
Shaanxi Province,2017,101.6,10265,30810,21776.1,5629,2486,806,3939,3904,23.4,106.94,80039,1963697,5125,44672,NA,NA,920.94
Shaanxi Province,2016,101.3,9396,28440,19354.6,5953,2150,790,3360,3874,22.7,107.63,56081,1844216,4487,45362,21788.47,757.01,802.79
Shaanxi Province,2015,101,8689,26420,18188.3,6017,1865,759,3036,3846,22.3,109.97,51571,1725829,4054,45052,20248.22,580.13,721.82
Shaanxi Province,2014,101.6,7932,24366,17635.6,6782,1715,742,3171,3827,22.3,109.96,44734,1606946,6668,50753,19946.75,479.53,640.02
Shaanxi Province,2013,103,7092,22346,16106.3,6443,1448,719,3161,3804,21.1,107.76,36629,1401480,6099,45809,18151.04,341.72,533.28
Shaanxi Province,2012,102.8,6285,20269,14311.5,5983,1291,681,2170,3787,19.5,102.63,31130,1192770,5164,36728,16307.31,342.4,334.82
Shaanxi Province,2011,105.7,5484,17836,12320.1,5765,1177,632,1679,3765,20.9,96.48,19888,966768,4210,30829,13786.45,302.05,215.37
Shaanxi Province,2010,104,4477,15343,9973,5378,1778,706,NA,3735,21.4,92.78,18044,NA,NA,NA,10853.25,244.01,102.41
Shaanxi Province,2009,100.5,3722,13836,8094.9,5097,1671,695,907,3727,21.5,89.37,16200,582497,3921,25897,8125.14,227.3,69.81
Shaanxi Province,2008,106.4,3373,12613,7256.8,4312,1387,685,593,3718,20.8,83.97,13692,436433,3248,26600,7254.63,280.9,43.83
Shaanxi Province,2007,105.2,2824,10578,5739.7,3175,1011,644,NA,3708,21,77.65,16474,NA,NA,NA,5549.48,243.73,30.17
Shaanxi Province,2006,101.5,2396,9125,4642.1,2863,911,860,NA,3699,21.5,72.62,14900,NA,NA,NA,4360.57,191.61,17.95
Shaanxi Province,2005,101.2,2162,8159,3857.4,2890,693,945,NA,3690,21.5,66.69,13700,NA,NA,NA,3320.83,156.11,18.9
Shaanxi Province,2004,103.1,1953,7403,3178.4,2754,586,1248,165,3681,18.5,58.39,12463,257862,1187,15714,2664.98,104.04,13.91
Shaanxi Province,2003,101.7,1741,6737,2618.8,3179,372,1235,NA,3672,13.9,49.9,11600,NA,NA,NA,1833.98,75.71,16.8
Shaanxi Province,2002,98.9,1648,6277,2281.1,2993,272,1350,NA,3662,13.5,41.16,10625,NA,NA,NA,1470.69,65.4,15.16
Shaanxi Province,2001,101,1529,5447,2034.1,2971,225,1439,NA,3653,14,31.37,9596,NA,NA,NA,1300.36,51.67,8.46
Shaanxi Province,2000,99.5,1472,5098,1823.3,2761,158,1633,NA,3644,11.4,24.47,8322,NA,NA,NA,1145.55,59.04,9.26
Gansu Province,2020,102,10344,33822,9323.1,2532,845,539,1229,2501,12.2,58.11,25931,521334,1608,8614,NA,NA,233.16
Gansu Province,2019,102.3,9629,32323,9053.3,2554,663,490,1292,2509,10.8,52.49,25617,505544,1705,8547,NA,NA,196.42
Gansu Province,2018,102,8804,29957,8364.7,2342,699,416,1207,2515,10,48.36,23617,476151,1305,8026,NA,NA,180.88
Gansu Province,2017,101.4,8076,27763,7642.6,2061,687,423,1052,2522,9.6,46.62,20197,466912,1650,10096,NA,NA,162.96
Gansu Province,2016,101.3,7457,25693,7207.1,2079,759,419,814,2520,9.8,45.72,7529,509228,1465,12610,6527.42,111.95,150.66
Gansu Province,2015,101.6,6936,23767,6793.4,2130,757,417,698,2523,9.5,45.05,7657,486077,1572,12578,6942.06,97.99,129.7
Gansu Province,2014,102.1,6277,21804,6629.4,2282,711,414,778,2531,9.7,45.23,6764,464410,1894,14380,7886.1,84.84,114.52
Gansu Province,2013,103.2,5589,19873,6108.3,2229,677,390,638,2537,9.3,44.3,6510,400743,1731,12472,7460.39,67.68,99.99
Gansu Province,2012,102.7,4931,17979,5469.1,2262,531,368,544,2550,9.8,43.11,6979,337785,1912,11445,6555.95,64.14,73.06
Gansu Province,2011,105.9,4278,15707,4880.7,2177,405,350,320,2552,10.8,40.53,6394,257916,1280,9307,5896.07,66.82,52.64
Gansu Province,2010,104.1,3747,13820,3987.7,2116,776,459,NA,2560,10.7,38.15,6289,NA,NA,NA,4691.45,47.54,43.08
Gansu Province,2009,101.3,3237,12457,3313.8,2045,768,452,255,2555,10.3,36.15,4900,189931,926,10239,3647.72,30.74,35.63
Gansu Province,2008,108.2,2938,11413,3112.5,2142,730,426,259,2551,9.4,33.19,3827,172353,894,10035,3576.13,79.86,29.76
Gansu Province,2007,105.2,2493,10380,2707.3,398,678,432,NA,2548,9.5,29.6,3064,NA,NA,NA,3142.95,96.64,26.21
Gansu Province,2006,101.3,2269,9215,2230,431,535,446,NA,2547,9.7,26.37,2800,NA,NA,NA,2428.47,90.33,21.45
Gansu Province,2005,101.7,2091,8323,1890.9,658,567,456,NA,2545,9.3,22.95,3160,NA,NA,NA,1950.15,47.88,17.27
Gansu Province,2004,102.3,1942,7566,1675.7,650,432,820,81,2541,9.5,20.03,3059,46215,532,4888,1553.74,61.75,11.96
Gansu Province,2003,101.1,1742,6803,1417.3,607,497,706,NA,2537,9.3,17.34,2164,NA,NA,NA,1123.16,48,7.76
Gansu Province,2002,100,1645,6264,1246.2,694,418,748,NA,2531,8.7,14.3,2166,NA,NA,NA,1007.1,26.63,5.46
Gansu Province,2001,104,1550,5461,1135.1,882,398,748,NA,2523,7.4,11.09,2464,NA,NA,NA,922.62,19.99,2.74
Gansu Province,2000,99.5,1458,4970,1061.4,826,223,960,NA,2515,7.4,8.26,2565,NA,NA,NA,799.83,27.63,2.64
Qinghai Province,2020,102.6,12342,35506,3080.6,663,230,174,494,593,3.1,7.41,7819,103699,285,1557,NA,NA,10.56
Qinghai Province,2019,102.5,11499,33830,3020.2,548,233,164,438,590,3.1,7.32,7834,93712,451,2379,NA,NA,9.1
Qinghai Province,2018,102.5,10393,31515,2799.9,519,270,138,321,587,4.6,7.03,7874,67716,220,1157,NA,NA,79.36
Qinghai Province,2017,101.5,9462,29169,2517,470,258,138,271,586,4.7,6.7,7699,83276,310,1799,NA,NA,67.72
Qinghai Province,2016,101.8,8664,26757,2310.7,440,267,138,285,582,4.6,6.19,7527,77940,296,1750,2663.51,2.91,56.92
Qinghai Province,2015,102.6,7933,24542,2054.3,404,265,130,144,577,4.4,5.75,7396,65029,150,1285,2358.69,15.51,46.88
Qinghai Province,2014,102.8,7283,22307,1875.1,363,266,126,111,576,4.2,5.29,3095,92528,156,2068,2475.45,3.68,29.1
Qinghai Province,2013,103.9,6462,20352,1736.1,370,242,118,132,571,4.2,5.07,2981,89540,145,2039,2308.34,8.06,26.89
Qinghai Province,2012,103.1,5594,18336,1547.9,347,195,89,72,571,4.1,4.87,2829,84197,147,2020,2045.69,6.84,19.3
Qinghai Province,2011,106.1,4806,16287,1388.3,471,109,79,37,568,4.4,4.57,3144,81965,131,1833,1800.55,2.37,16.84
Qinghai Province,2010,105.4,4028,14462,1160.8,499,176,135,NA,563,4.2,4.5,2349,NA,NA,NA,1455.89,1.42,11.41
Qinghai Province,2009,102.6,3477,13205,953.3,495,160,137,39,557,4.1,4.38,2800,41322,147,1551,1037.31,2.45,8.5
Qinghai Province,2008,110.1,3171,12071,909.2,469,157,146,28,554,3.9,4.22,3311,25161,106,793,1049.3,4.39,7.7
Qinghai Province,2007,106.7,2771,10620,729.4,151,161,138,NA,552,3.7,3.77,2426,NA,NA,NA,798.92,6.57,5.3
Qinghai Province,2006,101.6,2427,9270,592.7,123,135,148,NA,548,3.7,3.6,2000,NA,NA,NA,617.43,21.28,2.47
Qinghai Province,2005,100.8,2206,8271,506,138,123,137,NA,543,3.6,3.28,700,NA,NA,NA,474.08,14.04,1.18
Qinghai Province,2004,103.2,2001,7489,450,161,142,186,41,539,3.5,2.95,959,20137,128,1306,370.43,26.08,1.28
Qinghai Province,2003,102,1828,6879,390.4,147,68,206,NA,534,3.1,2.61,786,NA,NA,NA,240.83,6.05,0.83
Qinghai Province,2002,102.3,1695,6272,345.1,140,69,238,NA,529,2.9,2.22,700,NA,NA,NA,206.66,3.61,1.24
Qinghai Province,2001,102.6,1577,5931,303.6,135,35,288,NA,523,2.4,1.79,648,NA,NA,NA,181.19,4.02,0.47
Qinghai Province,2000,99.5,1504,5221,266.6,113,13,362,NA,517,1.8,1.35,577,NA,NA,NA,190.62,4.23,0
Ningxia Hui Autonomous Region,2020,101.5,13889,35720,4036.2,899,891,201,1408,721,5.6,14.67,26993,453491,1881,8333,NA,NA,16.81
Ningxia Hui Autonomous Region,2019,102.1,12858,34328,3841.5,898,810,175,1087,717,5.1,13.52,26463,415733,1789,8073,NA,NA,14.9
Ningxia Hui Autonomous Region,2018,102.3,11708,31895,3580.6,762,866,153,929,710,5.4,12.53,18477,369910,1739,7060,NA,NA,12.11
Ningxia Hui Autonomous Region,2017,101.6,10738,29472,3271.6,738,842,152,937,705,5.1,12.11,30420,291101,1404,6392,NA,NA,6.67
Ningxia Hui Autonomous Region,2016,101.5,9852,27153,2853.3,651,771,144,909,695,5.1,11.71,8707,239624,1342,5686,3899.68,94.84,4.05
Ningxia Hui Autonomous Region,2015,101.1,9119,25186,2644.7,584,802,144,761,684,4.9,11.5,8972,200453,1125,5470,3604.23,93.79,3.52
Ningxia Hui Autonomous Region,2014,101.9,8410,23285,2516.4,538,768,128,611,678,5,11.14,5164,186518,1136,5799,3584.14,82.66,3.18
Ningxia Hui Autonomous Region,2013,103.4,7599,21476,2364.9,488,688,105,607,666,4.7,10.45,3537,167494,1073,4817,3429.23,71.34,1.43
Ningxia Hui Autonomous Region,2012,102,6776,19507,2162,476,542,102,488,659,4.6,9.64,3098,143696,1170,4196,2956.58,63.89,2.91
Ningxia Hui Autonomous Region,2011,106.3,5931,17291,1959.3,579,455,97,261,648,5.2,8.79,4399,118879,853,3967,2389.24,69.13,3.94
Ningxia Hui Autonomous Region,2010,104.1,5125,15093,1595.3,529,593,117,NA,633,4.8,8.02,3964,NA,NA,NA,1866.09,52.14,1
Ningxia Hui Autonomous Region,2009,100.7,4405,13813,1284.8,669,602,110,127,625,4.8,7.56,2500,77591,766,3568,1373.22,35.44,0.9
Ningxia Hui Autonomous Region,2008,108.5,3978,12751,1153.7,637,568,106,62,618,4.8,7.05,2449,65694,644,3336,1306.63,56.36,0.89
Ningxia Hui Autonomous Region,2007,105.5,3411,10723,887.9,285,456,87,NA,610,4.4,6.24,2183,NA,NA,NA,1036.73,46.66,0.66
Ningxia Hui Autonomous Region,2006,101.9,2938,9074,691.6,375,448,131,NA,604,4.2,5.59,4400,NA,NA,NA,832.61,49.79,0.53
Ningxia Hui Autonomous Region,2005,101.5,2651,8013,587.2,463,354,140,NA,596,4.4,4.87,4455,NA,NA,NA,660.31,36.22,1.41
Ningxia Hui Autonomous Region,2004,103.7,2435,7155,527.3,454,332,161,22,588,4.1,4.14,4067,23220,216,2094,539.71,41.88,1.28
Ningxia Hui Autonomous Region,2003,101.7,2129,6482,448.4,481,125,154,NA,580,3.8,3.51,3884,NA,NA,NA,341.21,35.16,1
Ningxia Hui Autonomous Region,2002,99.4,1984,6030,381.8,454,75,184,NA,572,3.5,2.93,2260,NA,NA,NA,264.03,24.61,0.85
Ningxia Hui Autonomous Region,2001,101.6,1873,5516,341.5,435,61,203,NA,563,3.7,2.32,1062,NA,NA,NA,260.19,23.15,0.89
Ningxia Hui Autonomous Region,2000,99.6,1760,4894,297.7,408,56,209,NA,554,3.8,1.75,940,NA,NA,NA,230.15,22.11,0.64
Xinjiang Uyghur Autonomous Region,2020,101.5,14056,34838,14262.2,1994,2052,892,1671,2590,9.4,48.67,32042,391939,1222,4752,NA,NA,15.11
Xinjiang Uyghur Autonomous Region,2019,101.9,13122,34664,14024.9,1932,1492,809,1234,2559,8.4,42.7,24123,441347,1069,4698,NA,NA,7.82
Xinjiang Uyghur Autonomous Region,2018,102,11975,32764,13110.1,1659,1231,822,1244,2520,9.5,37.49,21151,448779,1081,5806,NA,NA,3.92
Xinjiang Uyghur Autonomous Region,2017,102.2,11045,30775,11460.8,1679,1184,817,961,2480,10,34.6,13323,400468,1161,6191,NA,NA,5.76
Xinjiang Uyghur Autonomous Region,2016,101.4,10183,28463,9913.9,1474,1145,786,777,2428,9.7,31.99,9666,390946,1002,7310,8105.79,66.41,4.28
Xinjiang Uyghur Autonomous Region,2015,100.6,9425,26275,9545.7,1384,1069,746,788,2385,10.3,30.47,8518,366180,972,7188,7944.66,62.97,3.03
Xinjiang Uyghur Autonomous Region,2014,102.1,8724,23214,9400.2,1325,964,681,805,2325,11.2,29.04,7586,357812,897,6688,9161.04,49.11,2.82
Xinjiang Uyghur Autonomous Region,2013,103.9,7847,21091,8518.4,1302,871,594,550,2285,11.9,27.84,6453,314257,1078,6668,8447.8,68.01,3
Xinjiang Uyghur Autonomous Region,2012,103.8,6876,19019,7499.5,1311,746,523,377,2253,11.8,26.87,6655,273425,933,6202,7348.44,41.96,5.39
Xinjiang Uyghur Autonomous Region,2011,105.9,5853,16464,6607.6,1247,636,469,331,2225,11.1,25.87,5602,223352,757,6723,6599.69,70.47,4.38
Xinjiang Uyghur Autonomous Region,2010,104.3,4993,14480,5425.4,1751,1057,574,NA,2185,11,25.12,5229,NA,NA,NA,5226.66,54.19,4.52
Xinjiang Uyghur Autonomous Region,2009,100.7,4150,12948,4289.5,1639,843,495,220,2159,11.9,24.16,4800,140932,818,5023,3824,39.51,1.21
Xinjiang Uyghur Autonomous Region,2008,108.1,3723,12021,4183.9,1402,768,486,125,2131,11.8,23.1,4560,124159,646,4489,4180.02,71.38,7.4
Xinjiang Uyghur Autonomous Region,2007,105.5,3364,10794,3536.4,509,560,451,NA,2095,11.7,21.64,3090,NA,NA,NA,3277.99,61.59,7.17
Xinjiang Uyghur Autonomous Region,2006,101.3,2876,9239,2984.5,421,408,577,NA,2050,11.6,19.93,2600,NA,NA,NA,2650.5,35.37,7.61
Xinjiang Uyghur Autonomous Region,2005,100.7,2593,8283,2543,345,350,584,NA,2010,11.1,18.18,1850,NA,NA,NA,2086.25,32.41,8
Xinjiang Uyghur Autonomous Region,2004,102.7,2332,7743,2193.2,331,308,616,76,1963,13.3,16.31,1448,36008,418,2357,1537.36,31.65,13.34
Xinjiang Uyghur Autonomous Region,2003,100.4,2176,7370,1909.3,342,187,696,NA,1934,9.9,14.76,1251,NA,NA,NA,1093.62,31.16,12.04
Xinjiang Uyghur Autonomous Region,2002,99.4,1914,7058,1630.5,338,128,810,NA,1905,9.9,13.23,1144,NA,NA,NA,912.3,26.51,10.07
Xinjiang Uyghur Autonomous Region,2001,104,1747,6512,1506,358,83,890,NA,1876,9.7,10.81,1120,NA,NA,NA,868.5,19.78,8.24
Xinjiang Uyghur Autonomous Region,2000,99.4,1644,5721,1374.1,371,41,1097,NA,1849,11,8.1,1143,NA,NA,NA,831.74,22.62,6.62
Data Sources：National Bureau of Statistics,2020,NA,NA,NA,NA,NA,NA,NA,NA,NA,NA,NA,NA,NA,NA,NA,NA,NA,NA
Data Sources：National Bureau of Statistics,2019,NA,NA,NA,NA,NA,NA,NA,NA,NA,NA,NA,NA,NA,NA,NA,NA,NA,NA
Data Sources：National Bureau of Statistics,2018,NA,NA,NA,NA,NA,NA,NA,NA,NA,NA,NA,NA,NA,NA,NA,NA,NA,NA
Data Sources：National Bureau of Statistics,2017,NA,NA,NA,NA,NA,NA,NA,NA,NA,NA,NA,NA,NA,NA,NA,NA,NA,NA
Data Sources：National Bureau of Statistics,2016,NA,NA,NA,NA,NA,NA,NA,NA,NA,NA,NA,NA,NA,NA,NA,NA,NA,NA
Data Sources：National Bureau of Statistics,2015,NA,NA,NA,NA,NA,NA,NA,NA,NA,NA,NA,NA,NA,NA,NA,NA,NA,NA
Data Sources：National Bureau of Statistics,2014,NA,NA,NA,NA,NA,NA,NA,NA,NA,NA,NA,NA,NA,NA,NA,NA,NA,NA
Data Sources：National Bureau of Statistics,2013,NA,NA,NA,NA,NA,NA,NA,NA,NA,NA,NA,NA,NA,NA,NA,NA,NA,NA
Data Sources：National Bureau of Statistics,2012,NA,NA,NA,NA,NA,NA,NA,NA,NA,NA,NA,NA,NA,NA,NA,NA,NA,NA
Data Sources：National Bureau of Statistics,2011,NA,NA,NA,NA,NA,NA,NA,NA,NA,NA,NA,NA,NA,NA,NA,NA,NA,NA
Data Sources：National Bureau of Statistics,2010,NA,NA,NA,NA,NA,NA,NA,NA,NA,NA,NA,NA,NA,NA,NA,NA,NA,NA
Data Sources：National Bureau of Statistics,2009,NA,NA,NA,NA,NA,NA,NA,NA,NA,NA,NA,NA,NA,NA,NA,NA,NA,NA
Data Sources：National Bureau of Statistics,2008,NA,NA,NA,NA,NA,NA,NA,NA,NA,NA,NA,NA,NA,NA,NA,NA,NA,NA
Data Sources：National Bureau of Statistics,2007,NA,NA,NA,NA,NA,NA,NA,NA,NA,NA,NA,NA,NA,NA,NA,NA,NA,NA
Data Sources：National Bureau of Statistics,2006,NA,NA,NA,NA,NA,NA,NA,NA,NA,NA,NA,NA,NA,NA,NA,NA,NA,NA
Data Sources：National Bureau of Statistics,2005,NA,NA,NA,NA,NA,NA,NA,NA,NA,NA,NA,NA,NA,NA,NA,NA,NA,NA
Data Sources：National Bureau of Statistics,2004,NA,NA,NA,NA,NA,NA,NA,NA,NA,NA,NA,NA,NA,NA,NA,NA,NA,NA
Data Sources：National Bureau of Statistics,2003,NA,NA,NA,NA,NA,NA,NA,NA,NA,NA,NA,NA,NA,NA,NA,NA,NA,NA
Data Sources：National Bureau of Statistics,2002,NA,NA,NA,NA,NA,NA,NA,NA,NA,NA,NA,NA,NA,NA,NA,NA,NA,NA
Data Sources：National Bureau of Statistics,2001,NA,NA,NA,NA,NA,NA,NA,NA,NA,NA,NA,NA,NA,NA,NA,NA,NA,NA
Data Sources：National Bureau of Statistics,2000,NA,NA,NA,NA,NA,NA,NA,NA,NA,NA,NA,NA,NA,NA,NA,NA,NA,NA
Data Sources£ºNational Bureau of Statistics,2020,NA,NA,NA,NA,NA,NA,NA,NA,NA,NA,NA,NA,NA,NA,NA,NA,NA,NA
Data Sources£ºNational Bureau of Statistics,2019,NA,NA,NA,NA,NA,NA,NA,NA,NA,NA,NA,NA,NA,NA,NA,NA,NA,NA
Data Sources£ºNational Bureau of Statistics,2018,NA,NA,NA,NA,NA,NA,NA,NA,NA,NA,NA,NA,NA,NA,NA,NA,NA,NA
Data Sources£ºNational Bureau of Statistics,2017,NA,NA,NA,NA,NA,NA,NA,NA,NA,NA,NA,NA,NA,NA,NA,NA,NA,NA
Data Sources£ºNational Bureau of Statistics,2016,NA,NA,NA,NA,NA,NA,NA,NA,NA,NA,NA,NA,NA,NA,NA,NA,NA,NA
Data Sources£ºNational Bureau of Statistics,2015,NA,NA,NA,NA,NA,NA,NA,NA,NA,NA,NA,NA,NA,NA,NA,NA,NA,NA
Data Sources£ºNational Bureau of Statistics,2014,NA,NA,NA,NA,NA,NA,NA,NA,NA,NA,NA,NA,NA,NA,NA,NA,NA,NA
Data Sources£ºNational Bureau of Statistics,2013,NA,NA,NA,NA,NA,NA,NA,NA,NA,NA,NA,NA,NA,NA,NA,NA,NA,NA
Data Sources£ºNational Bureau of Statistics,2012,NA,NA,NA,NA,NA,NA,NA,NA,NA,NA,NA,NA,NA,NA,NA,NA,NA,NA
Data Sources£ºNational Bureau of Statistics,2011,NA,NA,NA,NA,NA,NA,NA,NA,NA,NA,NA,NA,NA,NA,NA,NA,NA,NA
Data Sources£ºNational Bureau of Statistics,2010,NA,NA,NA,NA,NA,NA,NA,NA,NA,NA,NA,NA,NA,NA,NA,NA,NA,NA
Data Sources£ºNational Bureau of Statistics,2009,NA,NA,NA,NA,NA,NA,NA,NA,NA,NA,NA,NA,NA,NA,NA,NA,NA,NA
Data Sources£ºNational Bureau of Statistics,2008,NA,NA,NA,NA,NA,NA,NA,NA,NA,NA,NA,NA,NA,NA,NA,NA,NA,NA
Data Sources£ºNational Bureau of Statistics,2007,NA,NA,NA,NA,NA,NA,NA,NA,NA,NA,NA,NA,NA,NA,NA,NA,NA,NA
Data Sources£ºNational Bureau of Statistics,2006,NA,NA,NA,NA,NA,NA,NA,NA,NA,NA,NA,NA,NA,NA,NA,NA,NA,NA
Data Sources£ºNational Bureau of Statistics,2005,NA,NA,NA,NA,NA,NA,NA,NA,NA,NA,NA,NA,NA,NA,NA,NA,NA,NA
Data Sources£ºNational Bureau of Statistics,2004,NA,NA,NA,NA,NA,NA,NA,NA,NA,NA,NA,NA,NA,NA,NA,NA,NA,NA
Data Sources£ºNational Bureau of Statistics,2003,NA,NA,NA,NA,NA,NA,NA,NA,NA,NA,NA,NA,NA,NA,NA,NA,NA,NA
Data Sources£ºNational Bureau of Statistics,2002,NA,NA,NA,NA,NA,NA,NA,NA,NA,NA,NA,NA,NA,NA,NA,NA,NA,NA
Data Sources£ºNational Bureau of Statistics,2001,NA,NA,NA,NA,NA,NA,NA,NA,NA,NA,NA,NA,NA,NA,NA,NA,NA,NA
Data Sources£ºNational Bureau of Statistics,2000,NA,NA,NA,NA,NA,NA,NA,NA,NA,NA,NA,NA,NA,NA,NA,NA,NA,NA
"Note:From 2011, the statistics range of the industrial enterprises above designated size change from the industrial enterprises with the sales revenue above 5 million RMB to the industrial enterprises with the sales revenue above 20 million RMB.",2020,NA,NA,NA,NA,NA,NA,NA,NA,NA,NA,NA,NA,NA,NA,NA,NA,NA,NA
"Note:From 2011, the statistics range of the industrial enterprises above designated size change from the industrial enterprises with the sales revenue above 5 million RMB to the industrial enterprises with the sales revenue above 20 million RMB.",2019,NA,NA,NA,NA,NA,NA,NA,NA,NA,NA,NA,NA,NA,NA,NA,NA,NA,NA
"Note:From 2011, the statistics range of the industrial enterprises above designated size change from the industrial enterprises with the sales revenue above 5 million RMB to the industrial enterprises with the sales revenue above 20 million RMB.",2018,NA,NA,NA,NA,NA,NA,NA,NA,NA,NA,NA,NA,NA,NA,NA,NA,NA,NA
"Note:From 2011, the statistics range of the industrial enterprises above designated size change from the industrial enterprises with the sales revenue above 5 million RMB to the industrial enterprises with the sales revenue above 20 million RMB.",2017,NA,NA,NA,NA,NA,NA,NA,NA,NA,NA,NA,NA,NA,NA,NA,NA,NA,NA
"Note:From 2011, the statistics range of the industrial enterprises above designated size change from the industrial enterprises with the sales revenue above 5 million RMB to the industrial enterprises with the sales revenue above 20 million RMB.",2016,NA,NA,NA,NA,NA,NA,NA,NA,NA,NA,NA,NA,NA,NA,NA,NA,NA,NA
"Note:From 2011, the statistics range of the industrial enterprises above designated size change from the industrial enterprises with the sales revenue above 5 million RMB to the industrial enterprises with the sales revenue above 20 million RMB.",2015,NA,NA,NA,NA,NA,NA,NA,NA,NA,NA,NA,NA,NA,NA,NA,NA,NA,NA
"Note:From 2011, the statistics range of the industrial enterprises above designated size change from the industrial enterprises with the sales revenue above 5 million RMB to the industrial enterprises with the sales revenue above 20 million RMB.",2014,NA,NA,NA,NA,NA,NA,NA,NA,NA,NA,NA,NA,NA,NA,NA,NA,NA,NA
"Note:From 2011, the statistics range of the industrial enterprises above designated size change from the industrial enterprises with the sales revenue above 5 million RMB to the industrial enterprises with the sales revenue above 20 million RMB.",2013,NA,NA,NA,NA,NA,NA,NA,NA,NA,NA,NA,NA,NA,NA,NA,NA,NA,NA
"Note:From 2011, the statistics range of the industrial enterprises above designated size change from the industrial enterprises with the sales revenue above 5 million RMB to the industrial enterprises with the sales revenue above 20 million RMB.",2012,NA,NA,NA,NA,NA,NA,NA,NA,NA,NA,NA,NA,NA,NA,NA,NA,NA,NA
"Note:From 2011, the statistics range of the industrial enterprises above designated size change from the industrial enterprises with the sales revenue above 5 million RMB to the industrial enterprises with the sales revenue above 20 million RMB.",2011,NA,NA,NA,NA,NA,NA,NA,NA,NA,NA,NA,NA,NA,NA,NA,NA,NA,NA
"Note:From 2011, the statistics range of the industrial enterprises above designated size change from the industrial enterprises with the sales revenue above 5 million RMB to the industrial enterprises with the sales revenue above 20 million RMB.",2010,NA,NA,NA,NA,NA,NA,NA,NA,NA,NA,NA,NA,NA,NA,NA,NA,NA,NA
"Note:From 2011, the statistics range of the industrial enterprises above designated size change from the industrial enterprises with the sales revenue above 5 million RMB to the industrial enterprises with the sales revenue above 20 million RMB.",2009,NA,NA,NA,NA,NA,NA,NA,NA,NA,NA,NA,NA,NA,NA,NA,NA,NA,NA
"Note:From 2011, the statistics range of the industrial enterprises above designated size change from the industrial enterprises with the sales revenue above 5 million RMB to the industrial enterprises with the sales revenue above 20 million RMB.",2008,NA,NA,NA,NA,NA,NA,NA,NA,NA,NA,NA,NA,NA,NA,NA,NA,NA,NA
"Note:From 2011, the statistics range of the industrial enterprises above designated size change from the industrial enterprises with the sales revenue above 5 million RMB to the industrial enterprises with the sales revenue above 20 million RMB.",2007,NA,NA,NA,NA,NA,NA,NA,NA,NA,NA,NA,NA,NA,NA,NA,NA,NA,NA
"Note:From 2011, the statistics range of the industrial enterprises above designated size change from the industrial enterprises with the sales revenue above 5 million RMB to the industrial enterprises with the sales revenue above 20 million RMB.",2006,NA,NA,NA,NA,NA,NA,NA,NA,NA,NA,NA,NA,NA,NA,NA,NA,NA,NA
"Note:From 2011, the statistics range of the industrial enterprises above designated size change from the industrial enterprises with the sales revenue above 5 million RMB to the industrial enterprises with the sales revenue above 20 million RMB.",2005,NA,NA,NA,NA,NA,NA,NA,NA,NA,NA,NA,NA,NA,NA,NA,NA,NA,NA
"Note:From 2011, the statistics range of the industrial enterprises above designated size change from the industrial enterprises with the sales revenue above 5 million RMB to the industrial enterprises with the sales revenue above 20 million RMB.",2004,NA,NA,NA,NA,NA,NA,NA,NA,NA,NA,NA,NA,NA,NA,NA,NA,NA,NA
"Note:From 2011, the statistics range of the industrial enterprises above designated size change from the industrial enterprises with the sales revenue above 5 million RMB to the industrial enterprises with the sales revenue above 20 million RMB.",2003,NA,NA,NA,NA,NA,NA,NA,NA,NA,NA,NA,NA,NA,NA,NA,NA,NA,NA
"Note:From 2011, the statistics range of the industrial enterprises above designated size change from the industrial enterprises with the sales revenue above 5 million RMB to the industrial enterprises with the sales revenue above 20 million RMB.",2002,NA,NA,NA,NA,NA,NA,NA,NA,NA,NA,NA,NA,NA,NA,NA,NA,NA,NA
"Note:From 2011, the statistics range of the industrial enterprises above designated size change from the industrial enterprises with the sales revenue above 5 million RMB to the industrial enterprises with the sales revenue above 20 million RMB.",2001,NA,NA,NA,NA,NA,NA,NA,NA,NA,NA,NA,NA,NA,NA,NA,NA,NA,NA
"Note:From 2011, the statistics range of the industrial enterprises above designated size change from the industrial enterprises with the sales revenue above 5 million RMB to the industrial enterprises with the sales revenue above 20 million RMB.",2000,NA,NA,NA,NA,NA,NA,NA,NA,NA,NA,NA,NA,NA,NA,NA,NA,NA,NA
Data Sources:National Bureau of Statistics,2020,NA,NA,NA,NA,NA,NA,NA,NA,NA,NA,NA,NA,NA,NA,NA,NA,NA,NA
Data Sources:National Bureau of Statistics,2019,NA,NA,NA,NA,NA,NA,NA,NA,NA,NA,NA,NA,NA,NA,NA,NA,NA,NA
Data Sources:National Bureau of Statistics,2018,NA,NA,NA,NA,NA,NA,NA,NA,NA,NA,NA,NA,NA,NA,NA,NA,NA,NA
Data Sources:National Bureau of Statistics,2017,NA,NA,NA,NA,NA,NA,NA,NA,NA,NA,NA,NA,NA,NA,NA,NA,NA,NA
Data Sources:National Bureau of Statistics,2016,NA,NA,NA,NA,NA,NA,NA,NA,NA,NA,NA,NA,NA,NA,NA,NA,NA,NA
Data Sources:National Bureau of Statistics,2015,NA,NA,NA,NA,NA,NA,NA,NA,NA,NA,NA,NA,NA,NA,NA,NA,NA,NA
Data Sources:National Bureau of Statistics,2014,NA,NA,NA,NA,NA,NA,NA,NA,NA,NA,NA,NA,NA,NA,NA,NA,NA,NA
Data Sources:National Bureau of Statistics,2013,NA,NA,NA,NA,NA,NA,NA,NA,NA,NA,NA,NA,NA,NA,NA,NA,NA,NA
Data Sources:National Bureau of Statistics,2012,NA,NA,NA,NA,NA,NA,NA,NA,NA,NA,NA,NA,NA,NA,NA,NA,NA,NA
Data Sources:National Bureau of Statistics,2011,NA,NA,NA,NA,NA,NA,NA,NA,NA,NA,NA,NA,NA,NA,NA,NA,NA,NA
Data Sources:National Bureau of Statistics,2010,NA,NA,NA,NA,NA,NA,NA,NA,NA,NA,NA,NA,NA,NA,NA,NA,NA,NA
Data Sources:National Bureau of Statistics,2009,NA,NA,NA,NA,NA,NA,NA,NA,NA,NA,NA,NA,NA,NA,NA,NA,NA,NA
Data Sources:National Bureau of Statistics,2008,NA,NA,NA,NA,NA,NA,NA,NA,NA,NA,NA,NA,NA,NA,NA,NA,NA,NA
Data Sources:National Bureau of Statistics,2007,NA,NA,NA,NA,NA,NA,NA,NA,NA,NA,NA,NA,NA,NA,NA,NA,NA,NA
Data Sources:National Bureau of Statistics,2006,NA,NA,NA,NA,NA,NA,NA,NA,NA,NA,NA,NA,NA,NA,NA,NA,NA,NA
Data Sources:National Bureau of Statistics,2005,NA,NA,NA,NA,NA,NA,NA,NA,NA,NA,NA,NA,NA,NA,NA,NA,NA,NA
Data Sources:National Bureau of Statistics,2004,NA,NA,NA,NA,NA,NA,NA,NA,NA,NA,NA,NA,NA,NA,NA,NA,NA,NA
Data Sources:National Bureau of Statistics,2003,NA,NA,NA,NA,NA,NA,NA,NA,NA,NA,NA,NA,NA,NA,NA,NA,NA,NA
Data Sources:National Bureau of Statistics,2002,NA,NA,NA,NA,NA,NA,NA,NA,NA,NA,NA,NA,NA,NA,NA,NA,NA,NA
Data Sources:National Bureau of Statistics,2001,NA,NA,NA,NA,NA,NA,NA,NA,NA,NA,NA,NA,NA,NA,NA,NA,NA,NA
Data Sources:National Bureau of Statistics,2000,NA,NA,NA,NA,NA,NA,NA,NA,NA,NA,NA,NA,NA,NA,NA,NA,NA,NA
